size_bytes,num_nodes,pattern,n,mean,median,stddev,min,q1,q3,p5,p95,max,n_outliers
65536,8192,random,1000,22.22562,20.77,27.69185321895774,18.195,19.53875,21.88125,18.37475,26.467,890.025,64
65688,8211,random,1000,18.088873,17.68,2.7085190951070586,16.376,17.555,18.50625,16.7958,18.64,80.015,11
65840,8230,random,1000,16.924327,16.708,2.0087729515407764,15.846,16.038,16.832,15.9399,19.655899999999992,42.229,93
65992,8249,random,1000,15.514884,15.328,1.1787381397690269,15.128,15.272,15.432,15.204,16.066,40.102,155
66144,8268,random,1000,14.928692,14.705,1.6018873825342164,13.98,14.621,14.793,14.508,15.3844,42.554,108
66296,8287,random,1000,14.140128,14.104,0.6004956908177532,13.816,14.02,14.176,13.911800000000001,14.248,23.516,9
66448,8306,random,1000,14.104572,14.056,0.5286588020121721,13.816,13.98,14.133,13.9078,14.316,21.992,18
66600,8325,random,1000,14.147884,14.088,0.9453374770363702,13.828,13.996,14.192,13.9198,14.264,39.012,5
66752,8344,random,1000,14.097948,14.064,0.6965893956141466,13.72,13.98,14.128,13.796,14.236,26.476,27
66912,8364,random,1000,14.717319999999999,14.164,1.6649316860217176,13.92,14.092,14.348,13.98,17.4,41.356,230
67064,8383,random,1000,14.181328,14.156,0.519008275469675,13.928,14.071,14.212,14.004,14.280199999999999,22.28,7
67216,8402,random,1000,14.513648,14.184,1.4757528772293316,13.94,14.136,14.248,14.056,17.722199999999997,38.068,86
67376,8422,random,1000,14.383696,14.2,1.2045322102083569,13.964,14.144,14.272,14.064,14.729,32.788,54
67528,8441,random,1000,14.31376,14.24,0.9286520818310209,13.96,14.188,14.321,14.036,14.448,31.612,26
67688,8461,random,1000,14.178324,14.136,0.6935051928258912,13.788,14.044,14.212,13.9038,14.3484,26.48,9
67840,8480,random,1000,14.228376,14.18,0.6728512550597163,13.932,14.128,14.233,14.0038,14.316,26.424,33
68000,8500,random,1000,14.307192,14.18,1.1355731775528946,13.968,14.132,14.244,14.027800000000001,14.356,41.768,31
68160,8520,random,1000,14.266768,14.208,0.6802683229191017,14.02,14.16,14.248,14.0958,14.32,27.376,16
68312,8539,random,1000,14.231316,14.176,0.6820798641545468,13.92,14.088,14.261,14.0078,14.3682,27.08,13
68472,8559,random,1000,14.360616,14.204,1.1209464632699984,13.964,14.136,14.277,14.06,14.396,38.768,38
68632,8579,random,1000,14.280604,14.228,0.6163621285068198,13.972,14.164,14.304,14.076,14.4122,24.376,10
68792,8599,random,1000,14.325156,14.28,0.570359849587979,14.06,14.216,14.349,14.1478,14.448,23.704,6
68952,8619,random,1000,14.237908,14.188,0.6185786345025691,13.952,14.14,14.244,14.052,14.376199999999999,24.592,35
69112,8639,random,1000,14.315604,14.236,0.7959101784725436,13.92,14.18,14.292,14.016,14.376,26.928,62
69272,8659,random,1000,14.28678,14.236,0.6132438892216274,14.012,14.148,14.332,14.068,14.46,25.02,9
69432,8679,random,1000,14.336804,14.284,0.773735181903806,14.056,14.236,14.34,14.156,14.392199999999999,31.88,12
69592,8699,random,1000,14.307176,14.248,0.7082109655997963,14.048,14.188,14.32,14.132,14.436,28.824,6
69752,8719,random,1000,14.413172,14.236,1.1323705725289446,14.004,14.172,14.312,14.068,14.532,31.74,54
69912,8739,random,1000,14.326372,14.272,0.7058560181328303,14.092,14.208,14.336,14.14,14.44,27.988,10
70072,8759,random,1000,14.422464,14.316,0.995003546104616,14.064,14.252,14.388,14.168,14.504,36.64,22
70240,8780,random,1000,14.253876,14.18,0.5944041090612252,13.94,14.108,14.264,14.02,14.4042,22.428,24
70400,8800,random,1000,14.339624,14.268,0.605065426871173,14.012,14.224,14.388,14.092,14.544,24.428,8
70560,8820,random,1000,14.409788,14.352,0.7269757415380411,14.164,14.312,14.408,14.22,14.488,29.76,15
70728,8841,random,1000,14.33964,14.304,0.7540093902336765,13.98,14.211,14.368,14.0838,14.448,30.3,8
70888,8861,random,1000,14.389464,14.328,0.8323711542589894,14.056,14.236,14.416,14.1158,14.536,31.28,11
71056,8882,random,1000,14.443748,14.352,0.8127515177011518,14.156,14.292,14.412,14.2318,14.504,27.888,27
71216,8902,random,1000,14.411676,14.308,0.8257937698810608,13.992,14.22,14.392,14.1,14.5764,25.476,25
71384,8923,random,1000,14.425564,14.344,0.669435811867135,14.144,14.288,14.444,14.216,14.664,26.548,43
71544,8943,random,1000,14.532548,14.32,1.1371393870945117,14.092,14.263,14.376,14.184,14.6888,27.916,55
71712,8964,random,1000,14.398456,14.356,0.8661944197677776,14.076,14.236,14.424,14.152,14.492,32.808,10
71880,8985,random,1000,14.43688,14.348,0.9282935195607359,14.136,14.288,14.428,14.208,14.5642,29.72,25
72048,9006,random,1000,14.50842,14.384,2.8703474378573084,14.096,14.276,14.484,14.164,14.548,102.432,8
72208,9026,random,1000,14.434332,14.356,0.872940278888829,14.112,14.3,14.424,14.196,14.552,29.764,16
72376,9047,random,1000,14.551844000000001,14.42,1.0190979345795301,14.164,14.316,14.5,14.228,14.6282,31.844,28
72544,9068,random,1000,14.416904,14.384,0.6262213857798279,14.028,14.304,14.448,14.1758,14.552,24.652,19
72712,9089,random,1000,14.38508,14.324,0.6928983978836939,14.132,14.252,14.413,14.184,14.5,26.304,8
72880,9110,random,1000,14.506492,14.456,0.6327438618672889,14.244,14.376,14.54,14.296,14.6282,25.396,7
73048,9131,random,1000,14.523512,14.468,0.6761684565532746,14.268,14.416,14.508,14.348,14.5602,25.372,18
73216,9152,random,1000,14.44002,14.372,0.7348117772245815,14.168,14.324,14.44,14.26,14.54,27.392,11
73392,9174,random,1000,14.49348,14.392,0.8751279189206995,14.204,14.344,14.476,14.276,14.64,29.0,32
73560,9195,random,1000,14.485972,14.396,1.0846566273319935,14.104,14.324,14.456,14.216,14.544,33.732,26
73728,9216,random,1000,14.4217,14.36,0.705385187158238,14.072,14.304,14.432,14.1958,14.5804,28.664,29
73896,9237,random,1000,14.550476,14.412,1.4149983157790889,14.18,14.36,14.469,14.272,14.6,51.728,37
74072,9259,random,1000,14.479376,14.456,0.5985671735781083,14.128,14.368,14.512,14.2318,14.588,24.584,14
74240,9280,random,1000,14.514092,14.48,0.6934268067159448,14.164,14.387,14.54,14.2556,14.624,25.5,6
74416,9302,random,1000,14.459204,14.412,0.6405103495587654,14.248,14.364,14.456,14.3,14.5122,24.608,11
74584,9323,random,1000,14.543,14.48,0.6557992746936281,14.26,14.436,14.524,14.344,14.584,23.944,36
74760,9345,random,1000,14.616768,14.552,0.9320689946494234,14.308,14.492,14.604,14.384,14.672,36.404,21
74928,9366,random,1000,14.529348,14.468,0.8025464919665202,14.192,14.404,14.524,14.3038,14.616,28.188,19
75104,9388,random,1000,14.576156,14.488,1.464304215147419,14.296,14.419,14.544,14.344,14.6562,54.828,13
75280,9410,random,1000,14.521144,14.468,0.7215582537658186,14.184,14.396,14.54,14.288,14.644,28.496,9
75448,9431,random,1000,14.571588,14.508,1.0065941416589022,14.228,14.435,14.58,14.299800000000001,14.704,39.424,18
75624,9453,random,1000,14.56812,14.528,0.6602199906364818,14.28,14.464,14.576,14.364,14.632,24.62,10
75800,9475,random,1000,14.611108,14.544,0.6795662901282542,14.372,14.496,14.616,14.443800000000001,14.7082,26.996,12
75976,9497,random,1000,14.52146,14.476,0.7615037415195991,14.196,14.364,14.544,14.2758,14.684,29.244,10
76152,9519,random,1000,14.60356,14.548,0.7814420068117723,14.284,14.46,14.64,14.364,14.704,29.216,7
76328,9541,random,1000,14.583956,14.524,0.8228981707741629,14.34,14.468,14.58,14.404,14.648,31.84,10
76504,9563,random,1000,14.599956,14.492,0.7683219511927826,14.192,14.416,14.584,14.3038,14.796199999999999,27.092,35
76680,9585,random,1000,14.556048,14.556,0.7805231464076373,14.116,14.363,14.616,14.244,14.696,30.156,6
76856,9607,random,1000,14.627352,14.556,0.8259594548869315,14.36,14.484,14.62,14.427800000000001,14.688,32.564,18
77040,9630,random,1000,14.60806,14.54,0.7827250237873215,14.292,14.492,14.616,14.4238,14.692,29.752,11
77216,9652,random,1000,14.662692,14.588,0.8268764053507185,14.36,14.512,14.672,14.416,14.784,26.932,14
77392,9674,random,1000,14.67968,14.624,0.7179131541467233,14.42,14.568,14.688,14.5,14.756,29.288,9
77576,9697,random,1000,14.603784,14.556,0.6027399711457808,14.256,14.484,14.628,14.36,14.724,23.216,12
77752,9719,random,1000,14.62216,14.568,0.6178698451498872,14.352,14.516,14.632,14.4638,14.724,25.664,7
77936,9742,random,1000,14.60842,14.5,0.8408367249341563,14.204,14.44,14.572,14.316,14.684199999999999,27.18,37
78112,9764,random,1000,14.65264,14.588,0.8045943390618967,14.36,14.54,14.636,14.436,14.76,28.668,39
78296,9787,random,1000,14.771048,14.62,1.9880082994531725,14.352,14.54,14.704,14.428,14.828,70.604,20
78472,9809,random,1000,14.623804,14.544,0.7308244563299521,14.32,14.492,14.616,14.408,14.8362,28.328,79
78656,9832,random,1000,14.647928,14.6,0.7864270584957859,14.2,14.492,14.712,14.272,14.828,29.016,7
78840,9855,random,1000,14.7038,14.632,0.8347255493530451,14.444,14.588,14.693,14.512,14.808,31.864,13
79024,9878,random,1000,14.668096,14.612,0.6969613948921203,14.432,14.556,14.676,14.4878,14.7562,27.788,9
79200,9900,random,1000,14.755004,14.712,0.6146663018635775,14.28,14.648,14.788,14.4638,14.92,24.308,49
79384,9923,random,1000,14.69546,14.624,0.7339955380312947,14.384,14.572,14.7,14.508,14.844199999999999,28.64,21
79568,9946,random,1000,14.708128,14.652,0.7574052219824513,14.36,14.58,14.736,14.444,14.856,28.624,10
79752,9969,random,1000,14.69692,14.656,0.6435905424929629,14.308,14.572,14.732,14.475800000000001,14.8322,25.828,11
79936,9992,random,1000,14.743548,14.7,0.7251241112200537,14.476,14.628,14.748,14.536,14.828,26.344,9
80120,10015,random,1000,14.692092,14.616,0.7782064795803623,14.424,14.552,14.704,14.48,14.836,28.964,9
80312,10039,random,1000,14.91226,14.724,1.5561680241282814,14.468,14.664,14.78,14.564,14.86,48.46,43
80496,10062,random,1000,14.805868,14.728,0.8263115473895722,14.516,14.652,14.792,14.572,14.908,28.412,23
80680,10085,random,1000,14.736788,14.676,0.6828302191351553,14.472,14.62,14.736,14.548,14.888,26.26,35
80864,10108,random,1000,14.759612,14.696,0.7483266146397428,14.472,14.64,14.768,14.56,14.860199999999999,29.652,11
81056,10132,random,1000,14.77654,14.708,0.632647642404079,14.492,14.636,14.832,14.568,14.9482,26.328,5
81240,10155,random,1000,14.740296,14.66,0.8474899265239437,14.436,14.596,14.728,14.524,14.828,28.8,15
81432,10179,random,1000,14.812308,14.708,1.6716563438901153,14.464,14.652,14.764,14.548,14.856,62.108,23
81616,10202,random,1000,14.779684,14.7,0.7993599517592037,14.444,14.632,14.78,14.56,14.876199999999999,29.116,16
81808,10226,random,1000,14.833396,14.748,0.7788573052144313,14.548,14.704,14.805,14.612,14.9042,27.496,31
82000,10250,random,1000,14.800436,14.748,0.7180006398484774,14.584,14.688,14.8,14.632,14.868,30.12,10
82184,10273,random,1000,14.80346,14.752,0.6673470735056208,14.536,14.7,14.812,14.6038,14.896,27.416,8
82376,10297,random,1000,14.773976,14.736,0.6538920202894345,14.48,14.612,14.828,14.532,14.912,25.096,7
82568,10321,random,1000,14.840228,14.736,0.9372040180170951,14.448,14.644,14.82,14.544,14.908,29.076,28
82760,10345,random,1000,14.770452,14.698,0.7862472667427598,14.376,14.604,14.84,14.448,14.968,30.388,8
82952,10369,random,1000,14.799736,14.748,0.748319637978708,14.516,14.672,14.812999999999999,14.592,14.896,29.352,10
83144,10393,random,1000,14.769672,14.732,0.7280247416403103,14.448,14.648,14.788,14.512,14.86,26.884,11
83336,10417,random,1000,14.896268,14.816,0.8098142597604164,14.56,14.768,14.888,14.692,15.0282,28.028,28
83528,10441,random,1000,14.805972,14.784,0.6917086989044884,14.484,14.68,14.828,14.548,14.904,25.516,8
83720,10465,random,1000,14.859256,14.832,0.6657604339546016,14.44,14.752,14.896,14.568,14.96,24.312,40
83912,10489,random,1000,14.7539,14.688,0.7587069488506312,14.488,14.632,14.756,14.5678,14.8522,28.092,12
84104,10513,random,1000,14.890988,14.84,0.6716352863078396,14.62,14.772,14.9,14.688,15.0002,25.608,13
84304,10538,random,1000,14.936596,14.888,0.6986377455330361,14.532,14.812,14.996,14.604,15.092,26.712,12
84496,10562,random,1000,14.895596,14.82,0.8229002525273702,14.644,14.764,14.876,14.712,14.956,29.94,18
84696,10587,random,1000,14.903768,14.862,0.6461943309015402,14.604,14.756,14.936,14.664,15.052,25.176,9
84888,10611,random,1000,14.900052,14.808,1.31046971738235,14.612,14.748,14.86,14.668,15.0322,49.832,64
85088,10636,random,1000,14.947768,14.868,0.9531395727915304,14.676,14.812,14.936,14.7558,15.028,35.872,14
85280,10660,random,1000,14.821288,14.748,0.7733080902579893,14.46,14.688,14.82,14.5838,14.928,26.756,29
85480,10685,random,1000,14.926552000000001,14.848,0.872762071202071,14.616,14.768,14.908999999999999,14.696,14.972,27.832,14
85680,10710,random,1000,15.012072,14.95,0.8465776092387894,14.604,14.804,15.024,14.704,15.1,30.312,21
85872,10734,random,1000,14.944624,14.89,0.7573646914795407,14.676,14.82,14.944,14.732,15.032,28.948,13
86072,10759,random,1000,14.901496,14.848,0.7777211763943503,14.572,14.78,14.916,14.684,14.996,30.016,12
86272,10784,random,1000,14.915084,14.868,0.8214169701088375,14.552,14.76,14.94,14.664,14.996,30.464,11
86472,10809,random,1000,14.930832,14.864,0.7995792761163804,14.664,14.816,14.921,14.7558,15.012,30.408,11
86672,10834,random,1000,14.99176,14.912,0.8606266069304135,14.628,14.808,15.024,14.719800000000001,15.136,32.592,16
86872,10859,random,1000,14.966732,14.928,0.6093412910553371,14.644,14.832,14.992,14.736,15.108,25.04,14
87072,10884,random,1000,15.033072,14.972,0.7535866397698673,14.692,14.908,15.056,14.764,15.156,29.0,17
87272,10909,random,1000,14.923828,14.888,0.5698941917635288,14.656,14.816,14.94,14.736,15.0,23.476,13
87480,10935,random,1000,14.932176,14.86,0.7778425239185731,14.648,14.795,14.937,14.716,15.104199999999999,29.736,26
87680,10960,random,1000,14.99302,14.932,0.6411188914959791,14.64,14.856,15.032,14.752,15.1482,24.384,13
87880,10985,random,1000,14.967116,14.912,0.6883568243735668,14.632,14.815000000000001,15.012,14.712,15.128,25.388,11
88088,11011,random,1000,15.012684,14.916,0.8593478148053969,14.696,14.848,14.985,14.7718,15.152199999999999,26.06,33
88288,11036,random,1000,14.972872,14.904,0.7730586493218294,14.7,14.852,14.972,14.764,15.068,30.844,17
88496,11062,random,1000,15.069948,14.928,1.03582019712727,14.64,14.884,14.992,14.788,15.096,31.104,47
88696,11087,random,1000,14.957328,14.894,0.7564216245521344,14.636,14.832,14.972,14.696,15.0802,29.94,18
88904,11113,random,1000,14.998752,14.936,0.7747630840020272,14.732,14.896,14.98,14.812,15.064,30.608,39
89112,11139,random,1000,14.9805,14.904,0.7938974790281218,14.62,14.844,15.012,14.724,15.108,30.896,15
89312,11164,random,1000,15.00426,14.968,0.666417836745936,14.704,14.852,15.044,14.78,15.128,25.944,10
89520,11190,random,1000,14.9717,14.912,0.6740666464407238,14.664,14.836,14.996,14.752,15.128,26.7,11
89728,11216,random,1000,14.98708,14.94,0.708234004411681,14.716,14.864,14.992,14.792,15.0762,28.408,12
89936,11242,random,1000,14.95212,14.884,0.7464926770685141,14.604,14.808,14.96,14.728,15.1242,27.208,19
90144,11268,random,1000,15.6143,15.076,2.0237888940024074,14.836,14.988,15.172,14.912,19.3528,37.928,118
90352,11294,random,1000,15.105508,14.992,1.030723289945675,14.708,14.904,15.104,14.788,15.22,32.08,22
90560,11320,random,1000,15.105152,15.004,0.9233229370822227,14.704,14.92,15.1,14.796,15.208,31.04,24
90768,11346,random,1000,15.022276,14.936,0.9271817976588571,14.732,14.876,15.008,14.796,15.0802,31.008,22
90984,11373,random,1000,15.087448,15.012,0.9128563051926244,14.748,14.952,15.064,14.828,15.204,33.228,37
91192,11399,random,1000,15.126332,14.984,1.089046228340865,14.648,14.912,15.052,14.776,15.156,30.212,47
91400,11425,random,1000,15.088988,15.032,0.7886563730362741,14.692,14.936,15.112,14.804,15.2082,29.764,21
91616,11452,random,1000,15.027644,14.966000000000001,0.781361139611188,14.672,14.892,15.044,14.788,15.132,30.868,22
91824,11478,random,1000,15.113308,15.008,1.403730103452704,14.792,14.96,15.056999999999999,14.868,15.148,49.832,30
92040,11505,random,1000,15.10782,15.032,0.7960038830192864,14.856,14.968,15.097,14.9078,15.2522,30.08,35
92248,11531,random,1000,15.138396,15.064,0.7289780601610697,14.836,15.0,15.144,14.9198,15.3322,30.048,34
92464,11558,random,1000,15.304012,15.04,1.6734554397906642,14.816,14.956,15.12,14.88,15.304599999999999,35.148,45
92680,11585,random,1000,15.07462,15.028,0.6494300015605431,14.772,14.928,15.096,14.852,15.1882,24.936,23
92896,11612,random,1000,15.418292,15.048,2.202568396731025,14.804,14.976,15.116,14.879800000000001,15.599999999999996,50.748,62
93104,11638,random,1000,15.125896,15.06,0.7857798362996694,14.772,15.012,15.116,14.876,15.192,29.86,66
93320,11665,random,1000,15.157284,15.08,0.8890709299389237,14.668,15.008,15.152,14.8438,15.280199999999999,30.372,59
93536,11692,random,1000,15.07698,15.012,0.7801289590784287,14.764,14.944,15.072,14.864,15.18,28.964,26
93752,11719,random,1000,15.142332,15.06,0.8477600762733069,14.84,14.996,15.132,14.932,15.268,31.352,24
93976,11747,random,1000,15.150984,15.06,0.8804356868861818,14.872,15.004,15.112,14.932,15.216,31.724,32
94192,11774,random,1000,15.224568,15.064,1.0670307324346193,14.792,15.011,15.128,14.884,15.288,27.468,63
94408,11801,random,1000,15.117708,15.044,0.8829966873583874,14.804,14.964,15.124,14.863800000000001,15.2602,35.46,24
94624,11828,random,1000,15.210784,15.178,0.7365711495859735,14.872,15.067,15.224,14.948,15.296,27.96,20
94848,11856,random,1000,15.116264,15.05,0.7636984100844818,14.852,14.98,15.12,14.916,15.2242,32.108,24
95064,11883,random,1000,15.122452,15.064,0.6630535511613731,14.86,15.008,15.124,14.932,15.196,26.148,22
95288,11911,random,1000,15.496236,15.104,2.250257443686581,14.808,14.996,15.196,14.8998,15.595399999999993,47.552,54
95504,11938,random,1000,15.636932,15.096,1.920588426310874,14.82,15.02,15.196,14.916,19.265999999999995,44.48,143
95728,11966,random,1000,16.001484,15.164,2.627250773788519,14.904,15.084,15.244,15.008,20.542799999999996,63.172,165
95944,11993,random,1000,17.125064,15.188,3.554362215456194,14.948,15.104,19.266,15.008,23.133399999999995,52.676,24
96168,12021,random,1000,15.184232,15.096,0.8148955472506455,14.844,15.036,15.184999999999999,14.948,15.328,28.428,25
96392,12049,random,1000,15.174532,15.108,0.7506303023638379,14.856,15.036,15.18,14.924,15.3,26.804,24
96616,12077,random,1000,15.189896,15.116,0.8583163380246936,14.74,15.032,15.208,14.888,15.3,29.068,24
96840,12105,random,1000,15.217472,15.116,0.9103160662959633,14.828,15.04,15.208,14.959800000000001,15.3402,31.28,27
97064,12133,random,1000,15.189252,15.116,0.7265041450458275,14.872,15.044,15.2,14.976,15.308,26.312,22
97288,12161,random,1000,15.22438,15.076,1.1294619763214502,14.82,15.004,15.172,14.908,15.28,30.772,33
97512,12189,random,1000,15.198116,15.132,0.7889072500574407,14.92,15.056,15.196,14.984,15.32,30.58,24
97736,12217,random,1000,15.176652,15.104,0.763659389098673,14.86,15.056,15.16,14.9638,15.3,29.064,51
97960,12245,random,1000,15.382,15.244,1.0952340615821121,14.948,15.18,15.316,15.064,15.476,29.648,42
98192,12274,random,1000,15.203612,15.144,0.6903740912301402,14.852,15.083,15.204,14.98,15.292,27.96,30
98416,12302,random,1000,15.236468,15.168,0.8110498868102349,14.928,15.108,15.224,15.004,15.3082,27.74,26
98648,12331,random,1000,15.241588,15.172,0.8001359182937258,14.948,15.107,15.24,15.028,15.3242,30.816,23
98872,12359,random,1000,15.255324,15.156,0.8882585852882809,14.884,15.092,15.252,14.968,15.392199999999999,29.936,26
99104,12388,random,1000,15.220096,15.168,0.6237124594041841,14.924,15.108,15.228,15.0,15.34,25.096,23
99328,12416,random,1000,15.309404,15.164,2.818179853464017,14.928,15.108,15.22,15.032,15.34,101.564,33
99560,12445,random,1000,15.257859999999999,15.176,0.782888783447079,14.932,15.124,15.256,15.012,15.3482,28.256,28
99792,12474,random,1000,16.1174,15.212,2.5781392254620124,14.832,15.14,15.308,14.94,22.126399999999997,45.632,170
100024,12503,random,1000,15.324436,15.188,1.1926467877222764,14.932,15.124,15.268,15.04,15.4162,34.608,36
100256,12532,random,1000,15.246828,15.216,0.639170923842665,14.936,15.112,15.284,15.016,15.356,25.092,15
100488,12561,random,1000,15.32106,15.204,0.9914078989104445,14.94,15.136,15.276,15.024,15.392399999999999,30.632,39
100720,12590,random,1000,15.303064000000001,15.228,0.7914104361090916,14.968,15.172,15.296,15.072,15.4,30.564,32
100952,12619,random,1000,15.474644,15.266,1.2128186749891356,14.936,15.172,15.324,15.0478,15.872399999999999,25.892,65
101184,12648,random,1000,15.39106,15.276,1.2397788673953272,14.844,15.195,15.34,14.9678,15.436,42.796,100
101416,12677,random,1000,15.3997,15.224,1.1946908873496593,14.82,15.144,15.333,14.992,15.524399999999998,32.332,47
101656,12707,random,1000,15.294928,15.224,0.7658746887414773,14.952,15.176,15.272,15.075800000000001,15.352,29.684,46
101888,12736,random,1000,15.272423999999999,15.212,0.655665247775983,14.96,15.128,15.288,15.0318,15.456199999999999,26.212,29
102120,12765,random,1000,15.350412,15.244,1.1636733759874298,14.936,15.18,15.32,15.056,15.42,39.456,35
102360,12795,random,1000,15.296728,15.212,0.9075145556324067,15.06,15.172,15.256,15.124,15.344199999999999,35.184,33
102600,12825,random,1000,15.316288,15.272,0.6076270498321217,15.052,15.204,15.32,15.12,15.404,24.448,26
102832,12854,random,1000,15.34136,15.248,0.8517247263109188,15.02,15.184,15.32,15.091800000000001,15.456199999999999,29.644,31
103072,12884,random,1000,15.382716,15.248,1.5994912702692903,15.02,15.176,15.32,15.107800000000001,15.420399999999999,56.204,30
103312,12914,random,1000,15.358116,15.26,0.8112351922106691,14.98,15.196,15.344,15.076,15.484,28.34,37
103552,12944,random,1000,15.358616,15.28,0.8790377693500684,15.04,15.188,15.352,15.107800000000001,15.464,33.376,24
103792,12974,random,1000,15.303504,15.248,0.7085921145262405,14.968,15.168,15.324,15.059800000000001,15.4202,26.86,23
104032,13004,random,1000,15.324576,15.272,0.6536079739473866,15.06,15.192,15.336,15.108,15.424199999999999,24.332,22
104272,13034,random,1000,15.30548,15.24,0.7044182611820101,15.008,15.164,15.316,15.092,15.428,26.836,22
104512,13064,random,1000,15.36502,15.28,0.8387771257411987,15.128,15.24,15.34,15.184,15.436,29.976,28
104752,13094,random,1000,15.358768,15.3,0.6928586170635674,15.028,15.236,15.348,15.136,15.504,27.548,50
104992,13124,random,1000,15.41876,15.34,0.8096631403249136,15.08,15.272,15.424,15.18,15.544,31.636,27
105240,13155,random,1000,15.597272,15.304,1.5067183858672164,15.064,15.236,15.408,15.168,16.4858,37.908,69
105480,13185,random,1000,15.448892,15.324,1.2297938026893505,15.056,15.264,15.392,15.172,15.536,39.86,39
105728,13216,random,1000,15.442644,15.36,0.9811922969467236,15.028,15.3,15.404,15.192,15.492,35.964,55
105968,13246,random,1000,15.382748,15.292,0.7790386522616948,15.028,15.22,15.396,15.148,15.5642,28.104,22
106216,13277,random,1000,15.500716,15.326,1.482710884464976,15.008,15.248,15.385,15.0958,15.516,44.644,48
106464,13308,random,1000,15.420172,15.324,0.9420491128104452,15.016,15.22,15.416,15.124,15.536,32.412,25
106704,13338,random,1000,15.420072,15.348,0.6713616501419196,15.192,15.304,15.408,15.248,15.52,26.324,26
106952,13369,random,1000,15.373212,15.3,0.87577022588379,15.016,15.224,15.368,15.144,15.472,30.584,26
107200,13400,random,1000,15.475476,15.316,1.5680170569591758,15.148,15.272,15.38,15.208,15.4962,55.328,38
107448,13431,random,1000,15.410716,15.356,0.6973457926298103,15.076,15.288,15.42,15.1678,15.508,27.3,26
107696,13462,random,1000,15.392944,15.324,0.8024268725246866,15.016,15.252,15.4,15.152,15.492,31.54,27
107944,13493,random,1000,15.42498,15.372,0.6973665892195867,15.084,15.308,15.428,15.204,15.508,28.348,34
108192,13524,random,1000,15.347876,15.296,0.653473197494621,15.052,15.22,15.36,15.144,15.456,25.124,20
108448,13556,random,1000,15.431056,15.372,0.7060196063485409,15.096,15.316,15.428,15.208,15.508,26.164,42
108696,13587,random,1000,15.464872,15.388,0.873743419534121,15.124,15.316,15.456,15.2238,15.564,30.968,27
108952,13619,random,1000,15.479524,15.42,0.8898406811681863,15.072,15.32,15.496,15.152,15.588199999999999,32.16,22
109200,13650,random,1000,15.391364,15.316,0.7243049338097464,15.052,15.256,15.404,15.168,15.512,27.404,25
109456,13682,random,1000,15.446392,15.404,0.7193685407587918,15.144,15.288,15.46,15.212,15.56,28.708,19
109704,13713,random,1000,15.459144,15.372,0.8841362090199112,15.084,15.32,15.436,15.172,15.556199999999999,29.664,65
109960,13745,random,1000,15.46946,15.392,0.7765075765351014,15.2,15.332,15.448,15.256,15.556199999999999,28.196,33
110216,13777,random,1000,15.475452,15.388,0.8878156905554195,15.1,15.312,15.472,15.184,15.6086,31.26,28
110472,13809,random,1000,15.479324,15.416,0.7792420478857601,15.2,15.348,15.48,15.256,15.5762,30.756,24
110728,13841,random,1000,15.451552,15.388,0.6312553164691531,15.224,15.336,15.448,15.276,15.556,25.652,25
110984,13873,random,1000,15.464392,15.404,0.643075000129683,15.192,15.356,15.456,15.292,15.544,26.476,30
111240,13905,random,1000,15.56946,15.4,2.83860689026809,15.132,15.336,15.476,15.2318,15.588,101.32,32
111496,13937,random,1000,15.484036,15.4,0.7991504890871357,15.192,15.348,15.468,15.2878,15.56,27.416,34
111752,13969,random,1000,15.454656,15.384,0.7562344637929617,15.164,15.316,15.46,15.24,15.58,30.536,24
112008,14001,random,1000,15.524664,15.448,0.7510398151282712,15.348,15.42,15.484,15.376,15.584,29.58,52
112272,14034,random,1000,15.518216,15.448,0.7091343066082819,15.232,15.38,15.532,15.32,15.64,26.932,20
112528,14066,random,1000,15.544596,15.4,1.0082723530484816,15.16,15.344,15.456,15.264,15.5802,25.508,45
112792,14099,random,1000,15.534372,15.452,0.836217915389295,15.224,15.408,15.512,15.316,15.672,32.88,57
113048,14131,random,1000,15.552976,15.452,0.9472374920210297,15.212,15.396,15.504,15.304,15.636,29.652,44
113312,14164,random,1000,15.531156,15.46,0.8888454567076943,15.116,15.388,15.524,15.216,15.612,32.44,60
113576,14197,random,1000,15.476672,15.42,0.712725724507243,15.06,15.368,15.492,15.164,15.612,25.764,94
113840,14230,random,1000,15.497504,15.416,0.8000763989946386,15.18,15.352,15.504,15.26,15.624,31.06,28
114104,14263,random,1000,15.518212,15.448,0.7119465196929492,15.208,15.384,15.54,15.28,15.6282,27.416,24
114368,14296,random,1000,15.512508,15.444,0.7786302273653181,15.248,15.396,15.492,15.3358,15.5962,30.808,34
114632,14329,random,1000,15.494472,15.444,0.6206158596597909,15.196,15.36,15.516,15.2878,15.616,25.236,21
114896,14362,random,1000,15.510892,15.444,0.8426105796421767,15.072,15.36,15.516,15.196,15.6562,30.464,37
115160,14395,random,1000,15.570648,15.476,1.0072026634701188,15.228,15.412,15.54,15.328,15.648,33.604,31
115424,14428,random,1000,15.61762,15.504,0.8856280034871078,15.324,15.456,15.56,15.388,15.7204,29.228,53
115696,14462,random,1000,15.576192,15.496,0.8667839670769075,15.24,15.443000000000001,15.552,15.368,15.6882,33.248,40
115960,14495,random,1000,15.564816,15.492,0.697277444047904,15.284,15.432,15.576,15.36,15.664,25.88,25
116232,14529,random,1000,15.556192,15.492,0.8446540757278352,15.164,15.404,15.576,15.28,15.688,32.016,23
116496,14562,random,1000,15.54676,15.476,0.7332146876448795,15.308,15.436,15.52,15.376,15.6,27.104,35
116768,14596,random,1000,15.532924,15.464,0.7653597806377193,15.208,15.388,15.536,15.292,15.68,28.704,23
117040,14630,random,1000,15.633172,15.484,1.0681534319423265,15.22,15.424,15.548,15.328,15.7448,27.384,52
117312,14664,random,1000,15.57864,15.488,1.154236820170383,15.196,15.408,15.568,15.267800000000001,15.668199999999999,41.436,27
117584,14698,random,1000,15.531348,15.476,0.7442113903250135,15.232,15.4,15.536,15.3,15.624,28.96,24
117856,14732,random,1000,15.613204,15.516,1.0584686950318192,15.22,15.448,15.592,15.3518,15.696,40.784,35
118128,14766,random,1000,15.616552,15.532,0.7995977462773716,15.26,15.448,15.628,15.364,15.7522,27.892,23
118400,14800,random,1000,15.633524,15.532,0.952686555534976,15.3,15.459,15.596,15.38,15.6922,29.88,33
118672,14834,random,1000,15.608324,15.544,0.7448890082815417,15.284,15.464,15.596,15.36,15.716,26.828,33
118944,14868,random,1000,15.614512,15.536,0.7866562997840861,15.224,15.472,15.608,15.388,15.7362,30.08,34
119224,14903,random,1000,15.591864,15.5,0.8872724056488096,15.316,15.436,15.584,15.3838,15.7442,34.688,27
119496,14937,random,1000,15.68362,15.504,1.2040981870445797,15.288,15.44,15.576,15.372,15.7362,31.868,45
119776,14972,random,1000,15.600076,15.52,0.8393048521597257,15.308,15.464,15.588,15.38,15.7046,31.812,33
120048,15006,random,1000,15.63808,15.584,0.6880590285918984,15.212,15.52,15.636,15.348,15.712,25.236,81
120328,15041,random,1000,15.666943999999999,15.572,1.1205925524170381,15.284,15.512,15.637,15.404,15.72,41.628,39
120608,15076,random,1000,15.586104,15.52,0.6782221040384975,15.332,15.468,15.572,15.412,15.6882,26.136,33
120888,15111,random,1000,15.583996,15.524,0.6360669816844678,15.352,15.476,15.576,15.416,15.6482,24.9,27
121168,15146,random,1000,15.603268,15.54,0.7315071064745869,15.308,15.48,15.592,15.388,15.68,27.8,36
121448,15181,random,1000,16.255124,15.608,2.651900381284383,15.284,15.548,15.684,15.411800000000001,20.7582,70.652,141
121728,15216,random,1000,15.646832,15.556,0.9604862026710854,15.312,15.48,15.624,15.395800000000001,15.7082,30.636,31
122008,15251,random,1000,16.125408,15.596,2.005870024725454,15.304,15.528,15.716,15.388,20.6324,40.048,104
122288,15286,random,1000,15.625148,15.556,0.8316355041168624,15.272,15.44,15.64,15.348,15.752,30.924,23
122576,15322,random,1000,15.636576,15.584,0.6891581060388967,15.292,15.52,15.652,15.36,15.7522,29.26,40
122856,15357,random,1000,15.767304,15.592,1.1010255568609029,15.344,15.532,15.664,15.436,15.88,25.792,55
123144,15393,random,1000,15.62778,15.568,0.6356102957379216,15.352,15.508,15.636,15.427800000000001,15.756,25.844,25
123424,15428,random,1000,15.619736,15.552,0.6245848193003898,15.304,15.452,15.668,15.376,15.8,24.888,22
123712,15464,random,1000,15.62456,15.58,0.6159346116641325,15.344,15.512,15.632,15.436,15.712,25.384,24
124000,15500,random,1000,16.196116,15.592,2.1735379927551186,15.368,15.524,15.704,15.448,20.887199999999996,51.292,123
124288,15536,random,1000,15.838512,15.55,1.865231793504362,15.272,15.496,15.616,15.38,15.9,35.504,66
124576,15572,random,1000,15.915188,15.608,1.8671640512419496,15.392,15.556,15.664,15.475800000000001,15.964599999999997,44.408,63
124864,15608,random,1000,15.747916,15.628,1.1361723604174574,15.444,15.564,15.688,15.504,15.78,34.344,33
125152,15644,random,1000,15.778904,15.649999999999999,1.1991853285611178,15.42,15.584,15.708,15.504,15.808,33.188,41
125440,15680,random,1000,15.640848,15.556,0.8295828931895068,15.356,15.507,15.624,15.42,15.732199999999999,30.396,33
125728,15716,random,1000,15.68622,15.604,0.8332175676947259,15.388,15.536,15.668,15.456,15.764399999999998,31.18,36
126024,15753,random,1000,15.88578,15.6,1.8854957559872274,15.316,15.536,15.684,15.436,15.8882,37.588,49
126312,15789,random,1000,15.721508,15.6,1.2185820596792702,15.396,15.528,15.676,15.456,15.764199999999999,43.456,30
126600,15825,random,1000,15.886996,15.66,1.3387738372747549,15.464,15.592,15.76,15.52,16.0722,30.264,53
126896,15862,random,1000,15.656692,15.6,0.6596690658295358,15.372,15.54,15.66,15.4398,15.776399999999999,25.876,29
127192,15899,random,1000,15.730144,15.668,0.7115670389463771,15.372,15.604,15.724,15.5,15.8682,26.296,37
127488,15936,random,1000,15.689872,15.642,0.6604632096243267,15.352,15.556,15.712,15.448,15.828199999999999,25.608,20
127776,15972,random,1000,15.739688,15.676,0.6395437302005539,15.428,15.624,15.732,15.544,15.892199999999999,24.812,63
128072,16009,random,1000,15.760128,15.632,0.9649342079342207,15.436,15.576,15.68,15.504,15.813399999999998,26.412,50
128368,16046,random,1000,15.76154,15.688,0.8615079432810452,15.436,15.64,15.74,15.544,15.832,34.572,43
128672,16084,random,1000,15.703256,15.636,0.7261598519572633,15.416,15.584,15.7,15.511800000000001,15.784,28.48,29
128968,16121,random,1000,15.739784,15.672,0.8262580515261027,15.368,15.616,15.732,15.48,15.8324,31.444,50
129264,16158,random,1000,15.710984,15.656,0.730777939007562,15.404,15.572,15.72,15.476,15.824,30.848,27
129560,16195,random,1000,15.789196,15.728,0.6681742904859977,15.48,15.664,15.78,15.564,15.88,25.712,34
129864,16233,random,1000,15.758668,15.68,0.7650681453589889,15.524,15.636,15.728,15.591800000000001,15.844,29.616,43
130160,16270,random,1000,15.737048,15.672,0.7431840850558361,15.38,15.592,15.736,15.496,15.8402,27.392,29
130464,16308,random,1000,15.821752,15.66,1.2495474746432755,15.384,15.596,15.716,15.46,15.936,33.472,72
130768,16346,random,1000,15.733652,15.648,0.9055028781612781,15.404,15.568,15.744,15.488,15.852,31.684,26
131072,16384,random,1000,15.741108,15.676,0.7368731195601658,15.408,15.604,15.748,15.511800000000001,15.828,28.192,28
131368,16421,random,1000,15.765276,15.672,0.9548537676217974,15.328,15.576,15.76,15.443800000000001,15.9042,30.956,26
131672,16459,random,1000,15.7601,15.7,0.6630843618053972,15.488,15.644,15.752,15.576,15.86,25.524,31
131984,16498,random,1000,15.8118,15.704,0.9320648565936261,15.512,15.648,15.772,15.58,15.868,31.636,36
132288,16536,random,1000,15.821912,15.7,0.9655788475141566,15.508,15.632,15.784,15.564,15.988,31.54,39
132592,16574,random,1000,15.743756,15.668,0.7906242718277774,15.4,15.612,15.728,15.504,15.8522,29.92,41
132896,16612,random,1000,15.760608,15.692,0.6932971681027547,15.488,15.636,15.756,15.572,15.864,26.868,34
133208,16651,random,1000,15.756212,15.688,0.7436108230197516,15.468,15.632,15.744,15.564,15.8202,29.42,32
133512,16689,random,1000,15.786548,15.716,0.703015797053599,15.512,15.66,15.788,15.596,15.876,27.16,25
133824,16728,random,1000,15.842136,15.712,2.7929247340510406,15.44,15.628,15.772,15.532,15.88,101.628,29
134136,16767,random,1000,15.823572,15.708,0.9186185872955789,15.54,15.664,15.756,15.608,15.884,28.276,47
134440,16805,random,1000,15.799664,15.74,0.6446475514337813,15.5,15.664,15.82,15.58,15.924,25.58,22
134752,16844,random,1000,15.841239999999999,15.74,0.8764404659132817,15.544,15.692,15.792,15.628,15.904,30.404,40
135064,16883,random,1000,15.937408,15.708,1.3599661192034826,15.444,15.612,15.796,15.516,16.252799999999997,29.608,57
135376,16922,random,1000,15.81778,15.732,0.8402317900800118,15.432,15.676,15.792,15.5638,15.904,28.072,50
135688,16961,random,1000,15.901092,15.756,1.4402207842700518,15.42,15.692,15.82,15.56,15.948,43.652,48
136008,17001,random,1000,16.291344,16.14,1.1593824810654167,15.736,16.02,16.272,15.884,16.5522,32.468,34
136320,17040,random,1000,16.285804,16.148,1.045487146241864,15.708,16.028,16.272,15.8836,16.5642,32.352,41
136632,17079,random,1000,15.827872,15.752,0.7776314746242763,15.476,15.691,15.828,15.6118,15.9282,29.632,30
136952,17119,random,1000,15.828156,15.756,0.7001724081003659,15.456,15.7,15.816,15.588,15.9802,27.76,54
137264,17158,random,1000,15.840488,15.776,0.737754134531972,15.52,15.708,15.852,15.5958,15.944,28.892,27
137584,17198,random,1000,15.829372,15.748,0.7784050051020792,15.544,15.68,15.832,15.608,15.944,30.632,32
137904,17238,random,1000,15.815096,15.752,0.7211410702679658,15.436,15.664,15.824,15.56,15.956,26.936,29
138224,17278,random,1000,15.838516,15.768,0.7591208798697704,15.56,15.704,15.84,15.64,15.928,29.86,25
138544,17318,random,1000,15.821192,15.752,0.6925826520104773,15.54,15.708,15.8,15.6518,15.936,26.74,57
138864,17358,random,1000,15.900532,15.784,1.764736085205498,15.592,15.704,15.876,15.64,15.984,67.468,25
139184,17398,random,1000,15.812636,15.74,0.8027134135719475,15.464,15.672,15.808,15.559800000000001,15.9202,28.076,30
139504,17438,random,1000,15.87712,15.792,0.9440312646457365,15.516,15.724,15.844,15.624,15.94,30.896,26
139832,17479,random,1000,15.855372000000001,15.788,0.6509832876939752,15.54,15.732,15.86,15.668,15.98,25.284,30
140152,17519,random,1000,15.837548,15.788,0.6022214895023411,15.512,15.732,15.844,15.6278,15.944,25.836,35
140472,17559,random,1000,15.890788,15.796,0.9254537155555839,15.62,15.74,15.864,15.684,15.956199999999999,32.296,31
140800,17600,random,1000,15.884544,15.82,0.7159913936212778,15.564,15.743,15.9,15.656,15.976,25.776,23
141128,17641,random,1000,16.765548,16.7,0.6363191854736125,16.144,16.576,16.84,16.4158,17.112199999999998,25.732,24
141456,17682,random,1000,15.895304,15.822,0.6908332346826853,15.62,15.771,15.884,15.696,15.9922,26.264,38
141784,17723,random,1000,15.957156,15.758,1.305695413247736,15.504,15.7,15.828,15.62,16.0374,28.3,53
142112,17764,random,1000,15.847624,15.792,0.6276989920723537,15.564,15.743,15.844,15.652,15.9442,25.928,34
142440,17805,random,1000,16.79124,16.728,0.6883217105229045,16.2,16.592,16.856,16.4398,17.0882,26.976,21
142768,17846,random,1000,15.972264000000001,15.816,1.263900425900154,15.556,15.756,15.868,15.672,15.9926,31.76,48
143096,17887,random,1000,15.87792,15.808,0.8408486832409908,15.552,15.736,15.868,15.644,15.968,31.424,29
143424,17928,random,1000,15.853608,15.782,0.7198039372246057,15.552,15.72,15.852,15.644,15.9482,26.02,17
143760,17970,random,1000,15.944872,15.816,1.8542266323241126,15.564,15.752,15.88,15.668,15.9962,69.364,36
144096,18012,random,1000,15.859452,15.796,0.7262927569960097,15.584,15.744,15.852,15.656,15.948,30.828,30
144424,18053,random,1000,15.904872,15.832,0.6823713756528115,15.6,15.764,15.904,15.684,16.084,26.712,40
144760,18095,random,1000,17.789996,17.724,0.7303665677639601,17.108,17.56,17.897,17.332,18.1924,27.524,21
145096,18137,random,1000,16.398912,16.324,0.7656305626177774,15.952,16.232,16.432,16.076,16.632,27.528,27
145432,18179,random,1000,15.909492,15.824,0.9183497395764754,15.552,15.776,15.88,15.684,15.992,32.192,53
145768,18221,random,1000,15.913512,15.852,0.6861757260228484,15.616,15.783000000000001,15.916,15.696,16.0322,25.484,30
146104,18263,random,1000,15.9043,15.832,0.7983787914860306,15.596,15.76,15.888,15.668,15.984,27.604,36
146440,18305,random,1000,15.892872,15.836,0.6607050255195178,15.58,15.76,15.892,15.6518,16.052,26.436,33
146784,18348,random,1000,16.820996,16.764,0.638705685693291,16.176,16.627,16.916,16.44,17.14,25.364,17
147120,18390,random,1000,16.775436,16.704,0.7828916510228227,16.196,16.58,16.824,16.4038,17.0402,29.624,28
147464,18433,random,1000,15.919676,15.86,0.7469382864921491,15.536,15.792,15.912,15.6838,16.036,28.764,40
147800,18475,random,1000,15.962324,15.848,1.0015937605062668,15.612,15.796,15.912,15.708,16.064,34.532,46
148144,18518,random,1000,15.93104,15.846,0.8792840512842495,15.604,15.776,15.932,15.688,16.0402,34.504,27
148488,18561,random,1000,15.919716,15.84,0.8518650464723865,15.612,15.78,15.908,15.704,16.0042,34.62,30
148832,18604,random,1000,17.695224,17.624,0.8714615557022966,17.016,17.452,17.793,17.24,18.048199999999998,31.996,12
149176,18647,random,1000,16.859172,16.784,0.8244827312868295,16.256,16.634999999999998,16.92,16.476,17.16,29.568,23
149520,18690,random,1000,16.865888,16.788,0.7255015837363857,16.34,16.68,16.92,16.528,17.16,27.304,24
149864,18733,random,1000,16.09418,15.886,1.5304861722745238,15.64,15.82,15.956,15.74,16.160999999999998,40.864,51
150208,18776,random,1000,16.766012,16.692,0.7405711508595818,16.176,16.56,16.832,16.376,17.0844,27.704,23
150560,18820,random,1000,15.932836,15.876,0.7639091217221131,15.54,15.8,15.936,15.68,16.0362,29.64,37
150904,18863,random,1000,15.986252,15.888,0.9225301503877119,15.68,15.82,15.952,15.764,16.1042,33.204,41
151256,18907,random,1000,17.789188,17.74,0.6761748716960082,16.968,17.576,17.888,17.3438,18.1606,26.228,21
151608,18951,random,1000,16.014172,15.937999999999999,0.6915488950828351,15.664,15.876,16.032,15.792,16.184,27.048,27
151960,18995,random,1000,17.103448,17.012,0.948527080751477,16.348,16.835,17.188,16.567800000000002,17.5044,29.348,25
152312,19039,random,1000,16.898868,16.804,0.9213256316284137,16.296,16.696,16.932,16.528,17.1522,33.848,27
152664,19083,random,1000,15.993132,15.916,0.704241665125615,15.648,15.872,15.968,15.8,16.104,26.572,49
153016,19127,random,1000,16.02778,15.896,1.0370013748551403,15.624,15.832,15.968,15.7478,16.144399999999997,30.764,48
153368,19171,random,1000,16.789256,16.716,0.744713117980402,16.284,16.596,16.852,16.44,17.084,29.876,24
153720,19215,random,1000,16.643456,16.564,0.8565263787540355,16.052,16.452,16.692,16.2878,16.908,33.388,24
154080,19260,random,1000,16.886972,16.772,1.3238623322274452,16.24,16.663,16.888,16.52,17.0962,50.052,26
154432,19304,random,1000,15.984696,15.9,0.6982373772715258,15.604,15.832,16.004,15.744,16.136,26.396,31
154792,19349,random,1000,16.812148,16.748,0.7124595431999609,16.152,16.604,16.896,16.408,17.124,26.812,18
155152,19394,random,1000,16.860044,16.768,0.8489156565029625,16.08,16.64,16.896,16.4718,17.1362,29.492,32
155512,19439,random,1000,16.00866,15.944,0.7322811974591128,15.636,15.892,15.992,15.7878,16.164,27.668,89
155872,19484,random,1000,15.976164,15.878,0.8629283507003593,15.68,15.824,15.94,15.756,16.088,31.392,38
156232,19529,random,1000,17.798256,17.72,0.9756100396231137,16.996,17.508,17.892,17.248,18.176,30.34,19
156592,19574,random,1000,16.82906,16.76,0.6364596619592645,16.24,16.648,16.896,16.472,17.156,25.544,23
156952,19619,random,1000,16.822632,16.772,0.7360992342467547,16.152,16.632,16.916,16.3998,17.112199999999998,27.568,19
157312,19664,random,1000,18.6739,17.668,3.636215880270027,16.884,17.496,17.889000000000003,17.236,28.8222,38.524,99
157680,19710,random,1000,16.949936,16.796,1.2341918916965584,16.248,16.656,16.932,16.476,17.196,34.088,33
158048,19756,random,1000,17.88068,17.696,1.3659599203871629,17.016,17.532,17.877000000000002,17.276,18.1604,31.096,33
158408,19801,random,1000,16.048388,15.964,0.9182983749094633,15.66,15.887,16.032,15.784,16.1644,34.9,34
158776,19847,random,1000,17.015884,16.86,1.207855941128129,16.316,16.732,16.997,16.56,17.296799999999998,31.12,47
159144,19893,random,1000,16.00908,15.932,0.7383993087341963,15.54,15.876,16.004,15.776,16.144,27.244,59
159512,19939,random,1000,16.14008,16.044,0.872581760368923,15.756,15.968,16.128,15.879800000000001,16.2762,31.504,42
159880,19985,random,1000,16.073416,15.982,0.8435761492975389,15.7,15.912,16.056,15.8278,16.224,32.288,39
160248,20031,random,1000,17.457068,16.004,4.056799015680913,15.764,15.932,16.168,15.836,27.461999999999975,40.856,185
160624,20078,random,1000,16.066344,15.968,0.8592393833978875,15.752,15.9,16.04,15.824,16.2,29.244,36
160992,20124,random,1000,16.728972,15.976,2.6274863005305042,15.712,15.92,16.04,15.8518,23.2896,47.48,126
161368,20171,random,1000,16.5112,16.416,0.9306386152703058,16.024,16.324,16.524,16.2,16.7442,35.216,30
161736,20217,random,1000,18.654364,18.26,1.7856334501577646,17.26,18.068,18.464,17.7838,23.1864,39.74,73
162112,20264,random,1000,18.6407,18.448,1.4462182965795174,17.516,18.224,18.664,17.948,19.076,32.044,30
162488,20311,random,1000,17.74694,17.684,0.7146903628248493,17.02,17.52,17.856,17.272,18.152,27.796,19
162864,20358,random,1000,17.71626,17.632,0.7412493608867498,16.748,17.44,17.877000000000002,17.2078,18.176599999999997,28.044,11
163240,20405,random,1000,17.754648,17.692,0.7799909525000799,17.028,17.512,17.86,17.284,18.18,29.156,17
163616,20452,random,1000,17.198184,16.848,2.4563846603786925,16.196,16.719,16.984,16.512,17.281,47.952,49
164000,20500,random,1000,16.468624,15.992,2.6807146901290846,15.712,15.936,16.073,15.832,17.1378,53.116,89
164376,20547,random,1000,16.860044,16.788,0.863887128642993,16.304,16.652,16.916,16.472,17.144399999999997,30.356,20
164752,20594,random,1000,16.973564,16.792,1.7772683659899955,16.192,16.664,16.964,16.476,17.208199999999998,61.976,36
165136,20642,random,1000,16.84928,16.764,0.8407043293390187,16.172,16.62,16.921,16.42,17.196,28.64,25
165520,20690,random,1000,16.899632,16.816,0.7864681333027427,16.356,16.704,16.949,16.5518,17.2162,30.944,34
165904,20738,random,1000,16.902592,16.798000000000002,0.920068362311914,16.284,16.676,16.94,16.52,17.236,30.86,33
166288,20786,random,1000,16.88184,16.784,0.9711631439939699,16.368,16.668,16.904,16.5238,17.104,32.028,27
166672,20834,random,1000,17.03376,16.824,1.5239371190251725,16.324,16.7,16.948,16.535800000000002,17.2002,33.024,39
167056,20882,random,1000,16.86798,16.784,0.8109977687891509,16.308,16.676,16.901,16.536,17.116,30.3,28
167440,20930,random,1000,16.891168,16.828,0.8136033297339399,16.152,16.672,16.964,16.484,17.1882,29.156,22
167832,20979,random,1000,17.653196,17.568,0.9741349416115143,16.732,17.387,17.736,17.16,18.0282,36.096,24
168216,21027,random,1000,16.139376,16.032,0.877939836766154,15.88,15.988,16.072,15.936,16.256,29.008,60
168608,21076,random,1000,16.183072,16.016,1.0690807380363938,15.78,15.968,16.1,15.872,16.520999999999997,28.908,63
169000,21125,random,1000,16.101572,16.02,0.8011958884490532,15.728,15.952,16.084,15.8678,16.2564,32.436,48
169384,21173,random,1000,16.133124,16.004,0.935323883684893,15.768,15.948,16.076,15.876,16.2682,27.496,50
169776,21222,random,1000,16.116136,16.036,0.7269838230545319,15.852,15.972,16.104,15.9,16.2802,28.712,43
170176,21272,random,1000,16.0871,16.018,0.6863584062731817,15.688,15.952,16.08,15.812,16.276,24.884,71
170568,21321,random,1000,16.08686,16.012,0.751635076142464,15.784,15.948,16.08,15.844,16.2202,32.0,40
170960,21370,random,1000,16.218336,16.02,1.3349974056818152,15.82,15.944,16.088,15.88,16.4924,31.796,67
171360,21420,random,1000,16.13642,16.048,0.8166408990235291,15.804,15.992,16.104,15.908,16.2568,31.28,53
171752,21469,random,1000,16.098256,16.032,0.6291776402312521,15.828,15.988,16.08,15.912,16.208199999999998,25.3,50
172152,21519,random,1000,17.848744,17.652,1.5717805000713057,16.82,17.484,17.808,17.26,18.1206,35.792,39
172544,21568,random,1000,16.09932,16.044,0.5731845201103167,15.848,15.984,16.093,15.924,16.2002,24.952,37
172944,21618,random,1000,16.165488,16.064,0.8619314170069587,15.856,15.992,16.128,15.916,16.3002,28.348,46
173344,21668,random,1000,16.119536,16.044,0.6972672703851446,15.82,15.972,16.116,15.888,16.324,27.512,49
173752,21719,random,1000,16.169236,16.048,0.9585458917185606,15.736,15.992,16.121000000000002,15.888,16.288999999999998,29.3,61
174152,21769,random,1000,16.152408,16.056,0.8292975629917069,15.84,15.996,16.112,15.924,16.22,28.004,41
174552,21819,random,1000,16.154512,16.052,0.8262555367851209,15.864,16.008,16.12,15.94,16.272,30.792,45
174960,21870,random,1000,16.154252,16.052,1.0050857823717962,15.696,16.0,16.112,15.888,16.272,37.992,80
175360,21920,random,1000,16.13876,16.072,0.6402701619475019,15.824,16.004,16.14,15.9,16.2682,25.368,38
175768,21971,random,1000,16.23378,16.076,1.121662793812393,15.848,16.024,16.141,15.936,16.508999999999997,37.116,62
176176,22022,random,1000,16.16676,16.08,0.838888992144456,15.824,16.016,16.14,15.884,16.276,28.928,45
176584,22073,random,1000,17.124712,16.888,1.5354630480177074,16.312,16.759,17.016,16.592,17.3882,32.764,50
176992,22124,random,1000,16.993316,16.884,0.8347964741763692,16.344,16.772,17.02,16.612,17.3126,26.48,39
177400,22175,random,1000,16.592016,16.428,1.2051653925363803,16.008,16.328,16.54,16.196,16.821199999999997,32.444,50
177808,22226,random,1000,16.198616,16.1,0.8700507944533634,15.944,16.06,16.14,16.0,16.3602,33.284,57
178224,22278,random,1000,16.1978,16.1,0.9057908992439442,15.84,16.028,16.172,15.948,16.3282,31.672,43
178632,22329,random,1000,16.201328,16.084,0.950690140981887,15.824,16.028,16.14,15.908,16.36,31.552,71
179048,22381,random,1000,16.22266,16.116,0.896885116005005,15.86,16.048,16.184,15.959800000000001,16.3602,31.384,45
179464,22433,random,1000,17.021192,16.94,0.7920385345273147,16.228,16.807,17.068,16.648,17.3162,28.976,35
179872,22484,random,1000,17.775232,17.672,0.9016176598650786,16.908,17.512,17.869,17.2758,18.204,29.872,30
180288,22536,random,1000,18.602596,18.5,0.9280675633735865,17.64,18.296,18.693,18.04,19.0564,28.948,24
180712,22589,random,1000,16.227484,16.136,0.8241704864496998,15.884,16.064,16.208,15.972,16.38,32.168,47
181128,22641,random,1000,17.03286,16.924,0.9163404674313212,16.444,16.804,17.068,16.652,17.3242,33.612,35
181544,22693,random,1000,16.22054,16.108,0.8796140092138172,15.78,16.056,16.168,15.928,16.3568,29.852,76
181968,22746,random,1000,17.002676,16.908,0.8458738283914201,16.388,16.791,17.032,16.592,17.3244,32.428,39
182384,22798,random,1000,16.28566,16.116,1.5267893614229024,15.912,16.064,16.18,15.9878,16.5844,54.344,64
182808,22851,random,1000,16.277392,16.128,0.9638652159355532,15.9,16.06,16.196,15.975800000000001,16.6806,27.888,68
183232,22904,random,1000,17.27202,16.854,2.420869976484289,16.332,16.732,16.984,16.5398,17.9016,49.3,66
183656,22957,random,1000,17.80186,17.672,1.1228864904657418,17.0,17.512,17.836,17.2798,18.156,35.38,33
184080,23010,random,1000,17.768504,17.676,0.7906594059898866,17.032,17.52,17.864,17.328,18.1486,29.26,25
184504,23063,random,1000,16.9914,16.902,0.9666565640975666,16.344,16.772,17.04,16.608,17.256,37.496,29
184936,23117,random,1000,18.243568,18.028,1.5571053369654881,17.22,17.848,18.225,17.6118,18.5402,33.236,34
185360,23170,random,1000,17.734304,17.656,0.8131450402237232,17.004,17.472,17.844,17.2518,18.124999999999996,28.512,25
185792,23224,random,1000,18.4201,18.344,0.7978504291578136,17.444,18.139,18.556,17.8838,18.8884,29.0,23
186216,23277,random,1000,17.656396,17.564,0.7941552579677086,16.816,17.392,17.756,17.168,18.08,29.216,32
186648,23331,random,1000,17.672448,17.6,0.7905233446612785,16.896,17.44,17.765,17.2238,18.0282,29.192,21
187080,23385,random,1000,17.693668,17.628,0.7320528390322212,16.94,17.468,17.768,17.264,18.0686,27.528,33
187512,23439,random,1000,17.725144,17.644,0.8127415580023604,16.9,17.464,17.832,17.228,18.132,29.456,21
187944,23493,random,1000,16.973248,16.88,0.7907301035072539,16.42,16.775,17.012,16.631800000000002,17.252,30.22,29
188384,23548,random,1000,16.973732,16.872,0.9154172977418576,16.316,16.74,17.012,16.552,17.308,31.956,39
188816,23602,random,1000,17.890256,17.776,1.0331134893834006,17.076,17.588,17.952,17.3398,18.3004,32.044,37
189256,23657,random,1000,16.429244,16.192,1.4282872235152344,15.972,16.112,16.296,16.032,16.9722,33.344,68
189696,23712,random,1000,16.995676,16.874000000000002,0.9783013649099057,16.244,16.752,17.012,16.5598,17.3202,30.748,46
190128,23766,random,1000,17.771448,17.658,0.9700591023014824,16.896,17.492,17.816,17.284,18.196,32.412,44
190568,23821,random,1000,17.014544,16.9,0.9949431259563976,16.448,16.772,17.02,16.6,17.3446,32.552,45
191016,23877,random,1000,17.021548,16.896,0.9075744724919929,16.304,16.76,17.049,16.584,17.4206,27.916,47
191456,23932,random,1000,16.30086,16.2,0.7154937034241738,15.984,16.148,16.272,16.084,16.512,26.2,58
191896,23987,random,1000,16.26868,16.16,0.8544468438756205,15.904,16.108,16.224,16.0,16.4616,27.66,60
192344,24043,random,1000,17.021652,16.884,0.9411090803924894,16.424,16.78,17.02,16.628,17.400399999999998,31.44,52
192784,24098,random,1000,20.66462,20.572,1.0194007148405466,19.3,20.307,20.84,19.908,21.272399999999998,33.832,24
193232,24154,random,1000,18.02308,17.876,0.9872774272302179,17.188,17.7,18.104,17.468,18.6162,32.928,40
193680,24210,random,1000,18.032336,17.876,1.2042154250356927,16.984,17.68,18.069000000000003,17.419600000000003,18.5524,32.424,44
194128,24266,random,1000,17.439964,17.34,0.8206420486887546,16.648,17.168,17.509,16.951400000000003,17.8964,27.664,39
194576,24322,random,1000,18.449776,18.336,0.9100273774187521,17.504,18.168,18.532,17.924,18.900399999999998,30.62,32
195024,24378,random,1000,19.01738,18.914,0.9397359795768763,18.108,18.7,19.133000000000003,18.404,19.5442,29.916,32
195480,24435,random,1000,18.506224,18.392,1.0021829456144624,17.604,18.2,18.588,17.9436,18.9884,35.848,33
195928,24491,random,1000,17.81904,17.704,0.9117047130973295,17.04,17.555,17.872,17.3518,18.2362,30.336,37
196384,24548,random,1000,17.108564,16.992,0.8411723847612241,16.48,16.86,17.148,16.684,17.464599999999997,29.288,40
196840,24605,random,1000,17.779876,17.688,0.8845087519953414,17.096,17.543,17.84,17.356,18.0922,31.264,27
197296,24662,random,1000,18.496808,18.352,1.104255451985291,17.616,18.159,18.556,17.924,18.9042,30.0,31
197752,24719,random,1000,17.186576,17.0,1.400562468243188,16.372,16.872,17.14,16.695800000000002,17.59,43.732,59
198208,24776,random,1000,17.913472,17.772,1.09130905093867,16.924,17.58,17.984,17.3438,18.432199999999998,33.608,40
198664,24833,random,1000,17.71898,17.61,0.8789613852250374,16.924,17.448,17.788,17.2436,18.144,28.804,32
199128,24891,random,1000,17.13276,17.004,0.8488240646286441,16.424,16.888,17.148,16.7358,17.5686,30.064,57
199584,24948,random,1000,17.866352,17.753999999999998,0.9037133516319862,17.064,17.588,17.948,17.392,18.336399999999998,31.228,37
200048,25006,random,1000,17.148048,17.048,0.8266745505387888,16.408,16.9,17.2,16.724,17.5002,27.944,41
200512,25064,random,1000,18.6328,18.484,1.655103508431912,17.66,18.288,18.681,18.052,19.0362,62.076,34
200976,25122,random,1000,19.151008,19.044,0.8964016733004774,18.28,18.856,19.265,18.5878,19.6482,31.708,28
201440,25180,random,1000,17.273664,17.14,1.0367591681179755,16.508,17.0,17.292,16.8194,17.604599999999998,34.376,45
201904,25238,random,1000,18.95174,18.856,0.8725430417806104,17.892,18.659,19.068,18.396,19.4524,29.792,31
202368,25296,random,1000,18.49852,18.404,0.9138368406730882,17.564,18.216,18.576,17.944,18.972,30.176,40
202840,25355,random,1000,17.651364,17.548,0.9020965345580604,16.868,17.408,17.704,17.2076,18.040599999999998,30.864,40
203312,25414,random,1000,17.909952,17.708,1.2025146548758527,17.036,17.546999999999997,17.889000000000003,17.316,18.585599999999992,31.428,60
203776,25472,random,1000,20.57494,20.352,1.5984198943201873,19.292,20.110999999999997,20.604,19.7756,21.1214,36.72,41
204248,25531,random,1000,18.53782,18.433999999999997,0.9106571605516888,17.528,18.267,18.637,17.988,19.052799999999998,34.868,39
204720,25590,random,1000,18.51334,18.422,0.9990028804538829,17.6,18.232,18.588,17.996,18.900199999999998,33.568,32
205192,25649,random,1000,19.129956,19.034,0.9446534264798706,18.12,18.802999999999997,19.26,18.4918,19.6522,30.444,27
205672,25709,random,1000,17.222128,17.096,0.9670968327421509,16.476,16.976,17.232,16.808,17.564799999999998,31.872,50
206144,25768,random,1000,19.054024,17.512,4.712757749452971,16.788,17.32,17.784,17.068,30.0962,56.1,152
206624,25828,random,1000,17.38174,17.044,2.0043703352526547,16.532,16.924,17.184,16.776,18.089199999999998,46.608,68
207104,25888,random,1000,18.289308,17.176,3.731082384630082,16.592,17.048,17.356,16.836,27.131599999999978,42.928,135
207584,25948,random,1000,19.241612,19.12,1.0600751637543484,18.196,18.896,19.349,18.631800000000002,19.7842,35.636,34
208064,26008,random,1000,18.624808,18.476,1.116977612184829,17.468,18.296,18.656,17.9918,19.1296,32.68,54
208544,26068,random,1000,19.423608,19.12,1.846747103747885,18.26,18.916,19.34,18.636,20.0768,37.46,55
209024,26128,random,1000,20.50912,20.424,1.0043461399182898,19.268,20.164,20.628,19.8518,21.08,31.976,29
209504,26188,random,1000,19.340712,19.124,2.1191402805346757,18.044,18.895,19.356,18.6078,19.885199999999998,75.248,42
209992,26249,random,1000,20.06254,19.724,2.2154395701279888,18.732,19.483,19.948,19.188,20.660999999999998,40.848,54
210480,26310,random,1000,19.938916,19.494,2.3205885331277676,18.444,19.268,19.764,18.96,21.254799999999996,40.084,66
210968,26371,random,1000,20.976256,20.694000000000003,1.9464553668037083,19.54,20.407,20.984,20.0276,21.6522,41.2,47
211456,26432,random,1000,19.724312,19.628,0.9239989159369467,18.664,19.419,19.844,19.1312,20.24,34.192,28
211944,26493,random,1000,19.064416,18.956,0.9230744571254247,17.872,18.767,19.172,18.476,19.612399999999997,32.064,37
212432,26554,random,1000,19.938868,19.622,1.8621222972796458,18.624,19.388,19.9,19.0836,20.7334,42.732,52
212920,26615,random,1000,19.147508,19.009999999999998,1.0868842382164179,18.096,18.811,19.241,18.504,19.8322,38.632,45
213416,26677,random,1000,18.900004,18.518,2.1063407167880506,17.68,18.34,18.736,18.0918,20.1166,38.384,72
213912,26739,random,1000,19.11546,18.992,0.9320805558333264,18.128,18.788,19.224,18.524,19.6642,30.588,38
214408,26801,random,1000,19.092456,18.984,0.9253406634355844,18.096,18.78,19.213,18.524,19.5682,31.976,30
214904,26863,random,1000,17.566064,17.462,0.7983623051436448,16.812,17.32,17.628,17.132,17.9682,27.868,41
215400,26925,random,1000,17.076884,16.976,0.7622127648123211,16.472,16.864,17.105,16.724,17.4044,26.868,45
215896,26987,random,1000,17.16002,17.068,0.7593845142221696,16.612,16.952,17.185000000000002,16.796,17.504,28.92,46
216392,27049,random,1000,19.824188,19.7,1.0736283241580553,18.68,19.442999999999998,19.965,19.128,20.456,33.84,28
216896,27112,random,1000,17.999476,17.84,1.0580677411058181,17.124,17.686999999999998,18.036,17.4798,18.464399999999998,30.204,47
217400,27175,random,1000,22.775824,22.662,1.1166963722569407,21.452,22.392,22.953000000000003,21.9876,23.4724,36.636,31
217904,27238,random,1000,16.529048,16.42,0.7612578743417024,16.188,16.352,16.5,16.276,16.889,27.312,62
218408,27301,random,1000,17.498968,17.144,2.0262772402685747,16.676,17.028,17.264,16.896,18.403199999999995,41.276,72
218912,27364,random,1000,18.53106,18.332,1.3762507382357674,17.5,18.163,18.524,17.928,19.016599999999997,34.536,49
219416,27427,random,1000,19.808128,19.504,1.8116684504042648,18.576,19.262999999999998,19.776,18.875600000000002,21.004999999999995,40.0,61
219920,27490,random,1000,18.498796,18.374000000000002,0.9233294187881157,17.704,18.216,18.572,17.992,18.945199999999996,30.864,41
220432,27554,random,1000,18.512044,18.408,0.8862562113385362,17.688,18.204,18.604,17.944,19.092799999999997,28.6,46
220944,27618,random,1000,16.728116,16.512,1.207759697137651,16.228,16.44,16.604,16.34,17.508599999999998,32.24,83
221456,27682,random,1000,18.54026,18.436,0.865961892001258,17.624,18.248,18.652,17.948,19.069,30.908,36
221968,27746,random,1000,20.371368,20.276,0.9267709495711273,19.228,20.012,20.54,19.652,20.964,32.964,25
222480,27810,random,1000,20.085072,19.976,0.9019498946329715,18.876,19.752,20.225,19.468,20.708199999999998,34.496,31
222992,27874,random,1000,18.919896,18.798000000000002,0.9690086929594754,17.948,18.612,19.02,18.38,19.4044,32.72,35
223512,27939,random,1000,18.080824,17.776,1.5456298355727391,17.216,17.636,17.96,17.432,19.470999999999997,35.52,75
224024,28003,random,1000,18.407932,18.284,0.9593298688007026,17.564,18.092,18.493000000000002,17.84,19.0042,31.448,42
224544,28068,random,1000,18.7071,18.356,1.9427583802738115,17.5,18.176,18.56,17.94,19.684999999999995,38.028,71
225064,28133,random,1000,18.557608,18.442,0.9481627428468823,17.588,18.232,18.636,17.9478,19.1562,29.524,46
225584,28198,random,1000,20.914796,20.788,0.9522103249213836,19.828,20.556,21.076,20.1878,21.6484,31.54,32
226104,28263,random,1000,19.665956,19.524,1.0499045259344193,18.484,19.296,19.808,19.02,20.309199999999997,36.696,33
226632,28329,random,1000,19.67204,19.532,1.0568196374718564,18.612,19.304,19.772,19.032,20.36,33.344,44
227152,28394,random,1000,17.69882,17.556,1.008748407160551,16.9,17.404,17.732,17.208,18.2292,33.692,52
227680,28460,random,1000,19.033348,18.928,0.9431900924238159,17.896,18.731,19.125,18.4398,19.5082,32.644,36
228208,28526,random,1000,21.33654,21.246000000000002,0.977151249789389,19.964,20.952,21.525,20.6158,21.9884,33.404,27
228736,28592,random,1000,20.885536,20.716,1.1835850836988249,19.64,20.452,21.016,20.1118,21.624,36.5,42
229264,28658,random,1000,19.688492,19.52,1.1217012809566098,18.604,19.3,19.774,18.9876,20.560799999999997,38.48,53
229792,28724,random,1000,20.28568,20.14,1.0577425153735802,19.196,19.907,20.413,19.6,21.0044,34.056,42
230328,28791,random,1000,22.297156,21.878,2.1412471887167035,20.78,21.615,22.165,21.2632,23.669199999999993,38.704,68
230856,28857,random,1000,21.908724,21.786,0.9935850154903741,20.768,21.548,22.056,21.236,22.6084,37.152,35
231392,28924,random,1000,19.157352,18.96,1.5800649585916933,18.108,18.764,19.204,18.472,19.7962,57.396,46
231928,28991,random,1000,19.588204,19.476,1.000273391249233,18.392,19.248,19.717,18.9276,20.242799999999995,37.4,37
232464,29058,random,1000,20.632684,20.496,1.0427172461407739,19.492,20.224,20.785,19.912,21.400199999999998,31.952,38
233000,29125,random,1000,20.07838,19.956,1.0549267681152499,18.916,19.724,20.2,19.384,20.6882,37.988,38
233544,29193,random,1000,23.231332,22.968,1.673940141514437,21.74,22.691,23.308,22.268,24.092599999999997,39.664,48
234080,29260,random,1000,20.51758,20.288,1.4671109071961854,19.152,20.036,20.564,19.72,21.272799999999997,39.116,52
234624,29328,random,1000,20.083416,19.972,1.006368976798004,18.828,19.704,20.268,19.276,20.873199999999997,32.444,40
235168,29396,random,1000,21.066212,20.948,1.0173829087610224,19.688,20.704,21.225,20.3636,21.7482,34.236,33
235712,29464,random,1000,22.264016,22.136,1.1318828236484864,20.852,21.804,22.497,21.4078,22.9856,37.348,27
236256,29532,random,1000,20.644708,20.508,1.0067579432476768,19.5,20.26,20.78,19.951800000000002,21.400599999999997,31.764,41
236800,29600,random,1000,21.752836,21.668,0.9574425838688216,20.464,21.372,21.973,20.948,22.5044,34.892,23
237352,29669,random,1000,20.168128,20.038,0.9642995889832751,18.96,19.808,20.293,19.5116,20.820999999999998,30.82,41
237896,29737,random,1000,17.477776,17.26,1.7041157778767289,16.684,17.112,17.44,16.924,18.3526,61.496,68
238448,29806,random,1000,22.3196,22.15,1.1497169290816835,20.992,21.892,22.47,21.5158,23.208599999999997,37.128,48
239000,29875,random,1000,21.357692,21.068,1.8915397166424064,19.96,20.772,21.349,20.387800000000002,22.328999999999997,41.128,52
239552,29944,random,1000,19.430896,19.304,1.0056862701946656,18.048,19.08,19.541,18.6874,20.244799999999998,31.752,56
240104,30013,random,1000,19.48672,19.388,0.8695477692012802,18.424,19.14,19.644,18.856,20.1166,30.444,30
240664,30083,random,1000,19.490152,19.368,0.9681387118907401,18.42,19.144,19.613,18.8838,20.1166,35.312,38
241216,30152,random,1000,21.71416,21.578,1.1221274546255537,20.104,21.288,21.881,20.9,22.5566,39.056,44
241776,30222,random,1000,20.736864,20.64,0.9077862663696833,19.372,20.396,20.924,20.0478,21.4164,33.972,34
242336,30292,random,1000,18.361912,18.23,0.8957537692195725,17.4,18.028,18.488,17.7518,19.0446,29.08,45
242896,30362,random,1000,19.491372,19.372,0.9494142620885032,18.38,19.128,19.612,18.832,20.1722,33.1,44
243456,30432,random,1000,24.54748,24.956,2.5069848788500466,19.432,24.106,25.672,20.3318,27.0444,44.124,214
244024,30503,random,1000,22.323712,21.698,2.56257290256042,20.22,21.319,22.221,20.8798,25.9604,79.2,147
244584,30573,random,1000,21.70682,21.586,1.0446058323333949,20.532,21.323,21.88,20.9438,22.540599999999998,37.848,38
245152,30644,random,1000,21.1745,21.049999999999997,1.0525043636182396,19.804,20.775,21.325000000000003,20.3798,22.045799999999993,33.832,55
245720,30715,random,1000,20.804308,20.592,1.34062182736968,19.568,20.336,20.864,19.9676,21.8898,34.86,52
246288,30786,random,1000,21.87594,21.664,1.328856898637719,20.456,21.404,21.992,21.023600000000002,22.9082,37.108,53
246856,30857,random,1000,21.593832,21.432,1.1134567066633592,20.268,21.176,21.717,20.836,22.453400000000002,33.368,48
247424,30928,random,1000,20.421572,20.3,1.0871471849836238,19.128,20.032,20.564,19.692,21.212799999999998,39.6,42
248000,31000,random,1000,21.730532,21.556,1.0708710257214589,20.296,21.283,21.834,20.9358,23.112999999999996,34.588,75
248576,31072,random,1000,22.414688,22.292,0.9841456341849438,20.964,22.016,22.605,21.62,23.288,35.236,41
249152,31144,random,1000,20.095668,19.824,1.4296475166270173,18.892,19.591,20.112,19.244,21.454,32.408,69
249728,31216,random,1000,20.73486,20.58,1.0198596678671739,19.336,20.316,20.869,19.9358,21.9062,35.3,70
250304,31288,random,1000,20.165424,20.048,0.9700095890385965,19.012,19.779,20.316,19.416,21.0736,33.056,48
250880,31360,random,1000,21.005684,20.71,1.7318513588854192,19.664,20.448,21.024,20.092,22.118399999999994,40.1,63
251464,31433,random,1000,20.310452,20.18,0.9999478283167353,19.004,19.92,20.429000000000002,19.616,21.148799999999998,33.312,48
252040,31505,random,1000,21.71626,21.456,1.455953726480912,20.168,21.188,21.761000000000003,20.8076,23.304,38.764,76
252624,31578,random,1000,21.927788,21.8,0.9663905430713494,20.696,21.508,22.129,21.12,22.836,32.964,35
253208,31651,random,1000,22.777784,22.532,1.8152628891432505,21.3,22.195,22.872,21.7718,23.5576,41.584,39
253800,31725,random,1000,22.376772,21.433999999999997,3.469020119948659,20.284,21.148,21.832,20.796,28.871199999999995,46.68,117
254384,31798,random,1000,19.378276,18.936,1.8368037139846238,17.964,18.756,19.189,18.4958,22.159999999999993,33.244,93
254976,31872,random,1000,21.857656,21.716,1.0839290012467349,20.404,21.428,22.025,21.0478,22.8242,37.7,50
255560,31945,random,1000,24.717424,23.298000000000002,4.17475638224257,21.536,22.9,24.012,22.3438,34.8754,47.436,148
256152,32019,random,1000,19.69026,19.256,2.0766789756647435,18.436,19.027,19.516,18.776,21.9806,46.728,94
256744,32093,random,1000,21.278536,20.874000000000002,1.81376969685162,19.628,20.624,21.176,20.3076,23.965999999999998,42.376,94
257336,32167,random,1000,21.58418,21.428,1.1672400408283263,20.236,21.155,21.737000000000002,20.7798,22.5246,37.024,49
257936,32242,random,1000,25.001196,24.75,1.7211535838626497,23.104,24.352,25.168,23.855800000000002,26.125199999999996,41.124,38
258528,32316,random,1000,23.202256,23.046,1.100830676644979,21.704,22.728,23.428,22.292,24.176399999999997,36.092,33
259128,32391,random,1000,21.420288,21.296,0.9467067014839573,19.808,21.016,21.612,20.6792,22.2364,32.804,37
259728,32466,random,1000,22.188048,21.952,1.3490872418350424,20.616,21.664,22.3,21.2238,23.497799999999994,35.656,61
260328,32541,random,1000,20.55526,20.332,1.2172857038858562,19.432,20.092,20.622,19.7838,22.0962,37.836,71
260928,32616,random,1000,23.113212,22.86,1.782231459724587,21.488,22.54,23.193,22.1118,24.094399999999997,43.18,46
261536,32692,random,1000,21.4829,21.336,1.0298522659535638,20.236,21.084,21.612,20.7716,22.252399999999998,35.0,45
262144,32768,random,1000,21.672576,21.522,1.0599283052340078,20.488,21.26,21.84,20.9118,22.5642,35.148,41
262744,32843,random,1000,22.09462,21.85,1.4925309619141147,20.484,21.572,22.188,21.132,23.340199999999996,37.884,62
263352,32919,random,1000,21.402312,20.984,2.139767519075774,19.956,20.684,21.336,20.312,23.3888,42.256,86
263960,32995,random,1000,21.794944,21.64,1.0466078390843596,20.336,21.368,21.968,20.9556,22.8002,33.236,51
264576,33072,random,1000,21.080436,20.896,1.2232227089535657,19.472,20.644,21.169,20.296,22.212199999999996,36.332,62
265184,33148,random,1000,20.967116,20.404,2.6181274533349033,19.4,20.159,20.72,19.8076,23.3976,44.888,110
265800,33225,random,1000,21.161152,21.0,1.055492530232866,19.76,20.736,21.305,20.4112,22.2736,34.564,57
266416,33302,random,1000,23.077528,22.918,1.1291165508491148,21.736,22.622999999999998,23.225,22.227800000000002,24.1178,38.516,50
267032,33379,random,1000,21.205208,21.02,1.075681670287168,20.008,20.788,21.325000000000003,20.464,22.3776,34.916,60
267648,33456,random,1000,22.498324,22.372,1.1011824125592133,21.028,22.031,22.728,21.5758,23.6204,34.716,43
268264,33533,random,1000,21.758684,21.314,2.128893430724841,20.128,21.016,21.668,20.628,24.033199999999997,40.384,92
268888,33611,random,1000,23.582316,23.448,1.0597967188235813,22.224,23.148,23.776,22.76,24.596,36.428,32
269512,33689,random,1000,23.271516,22.092,3.9626277938732497,20.72,21.76,22.59,21.3676,32.836999999999996,57.2,122
270136,33767,random,1000,23.417868,23.172,1.5654638992310859,21.984,22.826999999999998,23.561,22.396,24.6216,45.336,49
270760,33845,random,1000,24.111992,23.512,2.7874819963213784,22.28,23.198999999999998,23.9,22.7398,26.043799999999997,45.392,84
271384,33923,random,1000,21.670868,21.024,2.8788884989810852,19.848,20.743,21.449,20.3638,24.383199999999995,45.764,101
272016,34002,random,1000,23.561376,23.398,1.3495676401868264,22.164,23.12,23.684,22.696,24.5708,48.86,54
272640,34080,random,1000,22.952272,22.832,1.0153027911779686,21.736,22.56,23.14,22.208,23.714199999999998,36.32,32
273272,34159,random,1000,23.102004,22.944,1.1636426324951146,21.66,22.652,23.32,22.24,24.016799999999996,40.944,31
273904,34238,random,1000,22.28794,22.156,1.0226183494777945,20.636,21.864,22.472,21.4718,23.2442,34.596,44
274536,34317,random,1000,22.217192,21.84,1.7175512666262658,20.632,21.54,22.257,21.116,24.133,35.8,81
275176,34397,random,1000,23.689932,23.488,1.455344668276034,22.116,23.171,23.821,22.759800000000002,24.636,42.712,45
275808,34476,random,1000,20.822828,20.474,1.6861633507051628,19.452,20.247,20.736,19.908,22.9206,36.276,90
276448,34556,random,1000,20.663256,20.116,3.6049138422817086,19.276,19.883,20.396,19.5878,23.314399999999996,115.82,104
277088,34636,random,1000,22.021364,21.724,1.585295173868984,20.456,21.424,22.089,21.0478,23.4178,45.064,69
277728,34716,random,1000,22.807572,22.592,1.3717882883025077,21.268,22.276,22.912,21.8478,23.969199999999997,38.176,54
278368,34796,random,1000,21.518124,21.236,1.4340281075478392,20.064,20.967,21.586,20.556,22.761,35.24,65
279016,34877,random,1000,23.660292,23.412,1.4450199657573723,22.004,23.112,23.789,22.7038,24.7736,39.708,50
279664,34958,random,1000,22.200252,21.958,1.4822844206155577,20.508,21.603,22.3,21.1586,23.7458,38.988,67
280304,35038,random,1000,22.31076,21.948,1.541386928731415,20.816,21.66,22.347,21.343600000000002,24.305199999999996,35.356,85
280952,35119,random,1000,21.963952,21.704,1.4781812695206098,20.16,21.412,22.017,20.9798,23.414999999999996,37.312,79
281608,35201,random,1000,22.255304,21.968,1.4967990442818178,20.84,21.696,22.285,21.304,24.221599999999995,40.064,78
282256,35282,random,1000,23.98412,23.534,2.0810323652709743,22.424,23.227,23.872,22.812,26.380599999999998,41.828,87
282912,35364,random,1000,24.475056,24.224,1.6679786994460708,22.756,23.859,24.6,23.34,25.772599999999997,43.516,53
283568,35446,random,1000,21.366732,21.116,1.3735843994011718,19.896,20.856,21.42,20.5198,22.9286,40.628,77
284224,35528,random,1000,23.835888,23.676,1.191773196043109,22.388,23.388,23.985,22.948,24.7808,36.82,49
284880,35610,random,1000,23.397548,23.204,1.3050382279735993,21.724,22.836,23.58,22.4034,24.5882,38.516,44
285536,35692,random,1000,23.813156,23.432,1.892202239978851,22.08,23.092,23.769,22.676,26.1082,38.912,74
286200,35775,random,1000,22.897372,22.594,1.5731743053492233,21.468,22.284,22.952,21.9358,24.455,40.544,65
286856,35857,random,1000,26.122984,25.996,1.3714867289155925,24.488,25.548,26.372,25.0598,27.0128,42.804,32
287520,35940,random,1000,23.402944,23.016,2.011531012407683,21.732,22.707,23.368,22.235,25.521199999999997,45.288,83
288184,36023,random,1000,24.712808,24.502000000000002,1.36701044937656,22.924,24.208,24.836,23.7114,25.8646,39.144,66
288856,36107,random,1000,22.587848,22.256,1.4861198609591142,21.024,21.959,22.664,21.568,24.578599999999998,37.388,79
289520,36190,random,1000,23.803164,23.496,1.6618784085934053,22.064,23.188,23.9,22.7314,25.269199999999998,46.68,62
290192,36274,random,1000,23.769056,23.556,1.3469264953396114,22.244,23.272,23.884,22.868,24.8544,39.776,53
290864,36358,random,1000,25.081932,24.666,2.1613073777130722,23.352,24.348,25.073,23.8798,26.946999999999996,45.38,68
291536,36442,random,1000,23.488432,23.068,2.1143813520455286,21.812,22.76,23.409,22.2998,25.525199999999995,42.04,82
292208,36526,random,1000,24.430144,24.241999999999997,1.2366503804339477,23.056,23.935,24.605,23.5598,25.4014,37.82,44
292888,36611,random,1000,26.60372,26.192,1.8673779901664682,25.06,25.875,26.705,25.5276,28.144,49.892,58
293568,36696,random,1000,25.080472,24.836,1.6093089462562806,23.108,24.472,25.233,23.8038,26.5446,46.984,61
294240,36780,random,1000,24.321192,24.156,1.1877725602112512,22.936,23.86,24.48,23.464,25.22,37.352,44
294920,36865,random,1000,24.326508,24.102,1.496300858181333,22.784,23.752,24.468,23.3278,25.5326,42.4,50
295608,36951,random,1000,23.946108,23.738,1.3973663388750357,22.488,23.404,24.096,22.976,25.1742,45.772,51
296288,37036,random,1000,23.939772,23.67,1.8211744167630601,22.48,23.391,24.028,23.032,25.232799999999997,63.208,54
296976,37122,random,1000,25.586228,25.388,1.318701534750663,24.124,25.063,25.772,24.599400000000003,26.632,40.696,47
297664,37208,random,1000,25.807808,25.442,1.9269146330699602,24.292,25.088,25.784,24.6716,28.007199999999997,45.904,79
298352,37294,random,1000,24.323704,24.172,1.2731266692281251,22.808,23.896,24.445,23.384,25.4842,41.28,65
299040,37380,random,1000,24.4395,24.1,1.6962766945945535,22.716,23.756,24.541,23.336,26.095599999999994,44.16,61
299736,37467,random,1000,26.748416,26.496,1.4458531648539967,25.304,26.223,26.82,25.82,27.848,44.38,63
300424,37553,random,1000,25.890828,25.748,1.2209100801614505,23.788,25.423000000000002,26.085,24.92,26.7248,38.096,46
301120,37640,random,1000,25.354396,25.164,1.337443001015357,23.504,24.796,25.5,24.36,26.737,38.72,60
301816,37727,random,1000,24.451936,24.276,1.1004609953589024,23.236,23.996,24.641,23.6398,25.444799999999997,38.708,41
302512,37814,random,1000,26.03522,25.888,1.2558554201963044,24.388,25.563,26.184,25.076,27.02,40.324,48
303216,37902,random,1000,25.039056,24.990000000000002,1.0624476645481904,23.272,24.61,25.324,24.067400000000003,25.796,36.996,33
303920,37990,random,1000,25.821804,25.676,1.0103775573479412,24.46,25.407,26.085,24.9758,26.613599999999998,37.42,19
304616,38077,random,1000,25.448968,25.34,1.0253994709629273,23.98,25.004,25.652,24.628,26.369999999999997,35.952,34
305328,38166,random,1000,26.021932,25.874000000000002,1.1919017346749357,24.492,25.543,26.229,25.0196,27.132,40.356,44
306032,38254,random,1000,26.073644,25.954,1.1052323429016162,24.508,25.636,26.272,25.2558,26.9044,40.248,33
306736,38342,random,1000,25.746416,24.41,4.574044520795815,23.116,24.027,24.904,23.684,36.601599999999955,67.08,120
307448,38431,random,1000,28.673556,27.692,3.5727008486883167,26.576,27.4,28.052,26.992,37.7174,57.152,109
308160,38520,random,1000,25.55936,25.392,1.0157675393977177,24.308,25.174999999999997,25.72,24.855800000000002,26.421,37.056,44
308872,38609,random,1000,26.52054,26.44,1.0685712633909565,25.032,26.075,26.804,25.6078,27.333199999999998,40.252,15
309584,38698,random,1000,28.016996,27.884,1.0353131861313163,26.408,27.592,28.264,27.1354,28.856,39.34,31
310304,38788,random,1000,25.949352,25.034,3.8639296966685093,23.928,24.736,25.408,24.3918,32.8316,65.68,92
311024,38878,random,1000,25.790356,24.832,3.669524006147895,22.948,24.444,25.352,23.8196,32.325199999999995,57.188,108
311744,38968,random,1000,27.121996,26.88,1.50444699765487,25.396,26.551,27.256,26.1398,28.5662,46.248,64
312464,39058,random,1000,25.49024,25.29,1.3647779017558574,23.54,24.952,25.676,24.543400000000002,26.5644,43.756,53
313184,39148,random,1000,26.334544,26.176,1.4858352703158297,24.672,25.795,26.512,25.2878,27.336199999999998,49.656,39
313912,39239,random,1000,25.291432,25.195999999999998,1.013622748586698,23.716,24.839,25.553,24.2878,26.284999999999997,35.476,33
314632,39329,random,1000,25.36248,25.196,1.2786031266798763,23.676,24.892,25.54,24.3838,26.2444,38.696,47
315360,39420,random,1000,27.641824,27.594,1.049609001523939,25.888,27.208,27.92,26.5836,28.4722,39.32,21
316088,39511,random,1000,26.169392,26.04,1.1117405224805497,24.728,25.707,26.38,25.2838,27.0882,38.888,33
316824,39603,random,1000,26.67342,26.58,1.1415439659628648,24.956,26.171,26.957,25.6838,27.612199999999998,41.152,21
317552,39694,random,1000,27.517964,27.177999999999997,2.001426421936721,25.64,26.8,27.6,26.272,28.934999999999995,46.608,52
318288,39786,random,1000,26.378356,25.912,2.0964010653237826,24.436,25.555,26.364,25.188,29.1926,45.336,88
319024,39878,random,1000,25.548176,25.28,1.6312743782457693,24.176,24.972,25.661,24.5158,26.5566,43.14,43
319768,39971,random,1000,27.771632,27.625999999999998,1.126005816003485,26.184,27.235,28.044,26.8038,28.78,38.612,22
320504,40063,random,1000,27.135744,26.996,1.1225291899305987,25.508,26.631,27.412,26.1678,28.1602,39.944,24
321248,40156,random,1000,25.764744,25.416,2.006188708870529,24.032,25.091,25.812,24.688,27.168599999999998,49.172,56
321992,40249,random,1000,26.762716,26.556,1.3131658920349722,25.176,26.26,26.973,25.7998,27.880999999999997,42.508,41
322736,40342,random,1000,28.238236,28.16,1.1291192490532533,26.52,27.735,28.528,27.14,29.216,40.62,24
323480,40435,random,1000,26.554552,26.348,1.3034908698352066,24.916,26.027,26.788,25.6156,27.508,39.632,31
324232,40529,random,1000,28.65572,28.54,1.142545615756362,27.416,28.192,28.856,27.788,29.5326,42.768,26
324976,40622,random,1000,28.578556,28.442,1.283855147165327,26.844,28.06,28.838,27.476,29.636,42.212,31
325728,40716,random,1000,26.753456,26.584,1.2929151084048565,25.072,26.272,26.892,25.791800000000002,27.6856,39.628,49
326480,40810,random,1000,26.520396,26.416,1.1352844903626835,24.68,26.031,26.797,25.375600000000002,27.5364,38.16,34
327240,40905,random,1000,26.607672,26.5,1.1494553649672752,25.316,26.148,26.809,25.7238,27.5568,40.54,39
327992,40999,random,1000,28.154052,28.042,1.153801781870633,26.504,27.724,28.337,27.1992,29.1364,40.784,53
328752,41094,random,1000,26.298296,25.796,3.9128942574332184,24.104,25.471,26.2,25.0076,28.021599999999992,130.948,70
329512,41189,random,1000,26.239892,26.130000000000003,1.0434937256598582,24.74,25.79,26.445,25.352,27.2048,38.488,43
330280,41285,random,1000,28.346284,28.252,1.1304627341656768,26.776,27.82,28.648,27.38,29.2044,39.568,18
331040,41380,random,1000,27.489696,27.288,1.5362424119690006,25.676,26.907,27.636,26.4476,28.516599999999997,43.104,46
331808,41476,random,1000,27.425392,27.148,1.5452070615937525,25.648,26.78,27.622,26.324,28.772399999999998,45.016,46
332576,41572,random,1000,27.213916,27.104,1.0779552478931862,25.588,26.748,27.516,26.22,28.112399999999997,40.076,23
333344,41668,random,1000,26.860456,26.7,1.1736772837668925,25.588,26.392,27.024,26.044,27.823399999999996,41.024,40
334112,41764,random,1000,27.331836,27.12,1.3834807668110665,25.648,26.756,27.54,26.227400000000003,28.5048,41.176,44
334888,41861,random,1000,28.985636,28.856,1.6200216645766494,27.24,28.489,29.2,27.888,29.9204,65.808,37
335664,41958,random,1000,27.787624,27.672,1.0348584940593213,26.124,27.375,27.973,26.9116,28.6682,38.544,41
336440,42055,random,1000,28.005108,27.888,1.0199588699709574,26.532,27.599,28.233,27.131400000000003,28.8446,38.12,25
337216,42152,random,1000,27.960856,27.85,1.1772269426659154,26.216,27.504,28.169,26.992,28.9524,41.384,43
338000,42250,random,1000,27.579464,27.482,1.0438804333174672,25.768,27.106,27.873,26.599800000000002,28.424599999999998,39.348,25
338776,42347,random,1000,27.086996,26.978,1.0416804472284857,25.208,26.596,27.365000000000002,26.1518,28.0282,39.284,21
339560,42445,random,1000,29.46532,29.2,1.7920962682385773,27.644,28.824,29.553,28.3998,30.489199999999997,45.764,45
340352,42544,random,1000,29.084256,28.92,1.2352007348278737,27.608,28.524,29.349,28.1312,30.192999999999998,43.836,30
341136,42642,random,1000,28.00986,27.888,1.0433259727839068,26.656,27.572,28.236,27.107,28.8882,39.468,28
341928,42741,random,1000,27.422012,27.276,1.5781445650269572,26.012,26.92,27.604,26.483400000000003,28.448999999999998,64.684,37
342712,42839,random,1000,27.695424,27.588,1.14174612433607,25.836,27.204,27.989,26.516,28.6964,38.928,28
343512,42939,random,1000,28.581388,28.381999999999998,1.561200239445166,26.84,27.98,28.764,27.4798,29.6042,45.812,30
344304,43038,random,1000,29.784076,29.586,1.296690547740902,28.096,29.232,30.021,28.7558,30.926399999999997,42.536,36
345096,43137,random,1000,27.351144,27.200000000000003,1.1583615241731247,25.616,26.86,27.652,26.204,28.5244,42.608,27
345896,43237,random,1000,28.896152,28.804,1.034060211698244,27.46,28.448,29.14,27.996,29.7004,38.848,17
346696,43337,random,1000,28.766476,28.676,1.0932925344984252,27.192,28.268,29.093,27.6234,29.72,40.368,18
347496,43437,random,1000,27.942384,27.812,1.0838745668298617,26.472,27.488,28.101,27.136,28.8664,40.78,48
348304,43538,random,1000,29.594076,29.392,1.9348128195954435,27.6,29.032,29.801000000000002,28.4436,30.560799999999997,75.524,39
349112,43639,random,1000,28.51478,28.212,1.7275442248025514,26.824,27.919,28.593,27.4758,29.7058,47.14,56
349920,43740,random,1000,28.53894,28.108,2.2016497982727032,26.796,27.768,28.46,27.312,30.62199999999999,47.504,73
350728,43841,random,1000,28.451572,28.332,1.1440752724559016,26.832,27.916,28.705,27.3996,29.624599999999997,40.828,37
351536,43942,random,1000,29.570208,29.462,1.2218392496101473,27.824,29.024,29.861,28.488,30.5844,43.412,20
352352,44044,random,1000,28.052972,27.918,1.1947389507237036,26.36,27.52,28.332,27.023600000000002,29.060599999999997,41.152,26
353168,44146,random,1000,28.8417,28.706,1.1662391348774572,27.12,28.262999999999998,29.157,27.768,30.1202,40.96,21
353984,44248,random,1000,30.50864,30.412,1.1420758467105587,28.204,29.987000000000002,30.858,29.451600000000003,31.5044,41.792,25
354800,44350,random,1000,28.311876,28.176,1.063895966366661,27.064,27.824,28.553,27.4478,29.284,41.144,30
355624,44453,random,1000,28.74292,28.598,1.1848722479001033,27.16,28.215,28.993000000000002,27.8358,29.8162,41.42,25
356448,44556,random,1000,29.0099,28.872,1.1550611604085232,26.98,28.546,29.241,28.044,29.996199999999998,42.028,34
357272,44659,random,1000,30.418688,29.454,3.8413503640354487,28.188,29.148,29.885,28.6878,37.27959999999999,56.984,95
358096,44762,random,1000,29.693864,29.28,2.069346401169227,27.808,28.912,29.732,28.459400000000002,31.839399999999994,49.472,76
358928,44866,random,1000,29.374032,29.2,1.2453297061634132,27.624,28.819,29.677,28.2638,30.5448,40.756,24
359752,44969,random,1000,29.851056,29.684,1.2645733567645012,27.688,29.316,30.137,28.7756,30.996599999999997,45.852,33
360584,45073,random,1000,30.08336,29.88,1.355975346213765,28.524,29.516,30.3,29.0558,31.176399999999997,45.84,34
361424,45178,random,1000,30.728688000000002,29.906,4.132776012830629,28.2,29.503,30.492,28.855800000000002,33.8974,96.944,76
362256,45282,random,1000,29.308228,29.098,1.5748206425088769,27.552,28.68,29.485,28.1478,30.54,46.708,44
363096,45387,random,1000,29.009012,28.836,1.2336756475911566,27.24,28.491,29.244,28.012,30.1404,44.5,38
363936,45492,random,1000,30.389852,30.137999999999998,1.6684344960961948,28.42,29.704,30.532,29.26,31.717,47.9,51
364776,45597,random,1000,29.254788,29.084,1.2554503824200776,27.632,28.707,29.488,28.2076,30.464399999999998,42.356,40
365624,45703,random,1000,29.627524,29.468,1.3711367887696388,27.856,29.079,29.856,28.612,30.4934,45.052,25
366464,45808,random,1000,29.339116,29.152,1.1761663461508403,27.38,28.848,29.544,28.451600000000003,30.4532,42.884,48
367312,45914,random,1000,29.47374,29.168,1.5931530161704281,27.844,28.836,29.652,28.3398,30.708799999999997,45.748,39
368160,46020,random,1000,30.195704,30.014,1.1028197149614745,28.448,29.708,30.437,29.2996,31.2928,41.924,34
369016,46127,random,1000,29.87304,29.74,1.2141315817891807,27.696,29.384,30.113,28.8678,30.8444,44.596,39
369872,46234,random,1000,30.536404,30.372,1.2141241049110778,29.02,30.055,30.732,29.584,31.4884,44.644,39
370728,46341,random,1000,29.844812,29.608,1.6420907291068354,28.188,29.26,30.056,28.8158,31.144,64.868,43
371584,46448,random,1000,29.950412,29.744,1.2622496426683654,28.472,29.42,30.177,28.952,31.076,42.212,38
372440,46555,random,1000,30.673408,30.516,1.2094849314213614,29.316,30.116,30.945,29.708,31.708,45.064,24
373304,46663,random,1000,29.938764,29.778,1.1983774250029733,28.372,29.467,30.089,29.0718,30.9224,43.56,51
374168,46771,random,1000,29.93922,29.802,1.1536991068858593,28.384,29.435,30.193,28.9358,31.0044,42.256,26
375032,46879,random,1000,30.024004,29.91,1.3433661871197655,28.128,29.439,30.32,28.8036,31.121199999999998,43.604,30
375896,46987,random,1000,30.828976,30.674,1.2926835584187673,29.376,30.275,31.061,29.7756,31.9562,46.548,32
376768,47096,random,1000,30.907608,30.656,1.500438472562586,29.204,30.304,31.108,29.7556,32.0892,51.884,43
377640,47205,random,1000,31.0375,30.768,1.8183161462208952,29.184,30.368,31.197000000000003,29.94,31.961199999999998,51.544,35
378512,47314,random,1000,30.565764,30.48,1.1209181601820115,29.02,30.067,30.832,29.551,31.505,43.5,25
379392,47424,random,1000,30.71346,30.58,1.2116287519833098,29.188,30.136,30.997,29.656,31.769,43.148,27
380264,47533,random,1000,31.260908,31.084,1.2460160912426594,29.74,30.679,31.588,30.1918,32.3162,44.82,18
381144,47643,random,1000,32.039504,31.838,2.953315924335379,30.012,31.392,32.28,30.8598,33.0484,117.236,23
382032,47754,random,1000,30.759296,30.452,1.8275603741888544,28.564,30.095,30.864,29.5476,32.2728,48.684,68
382912,47864,random,1000,31.201864,30.944,1.6933229710212367,29.2,30.567,31.4,29.9876,32.349199999999996,50.792,41
383800,47975,random,1000,30.730232,30.509999999999998,1.574536124127415,28.968,30.063,30.984,29.5758,31.8616,49.004,33
384688,48086,random,1000,30.736116,30.61,1.13391701033644,29.16,30.236,30.996,29.6998,31.8082,42.144,25
385576,48197,random,1000,31.18896,31.052,1.1889529980750424,29.616,30.648,31.496,30.128,32.2324,43.876,25
386464,48308,random,1000,31.4111,31.244,1.1256386188738816,29.672,30.927,31.656,30.4874,32.4646,44.388,33
387360,48420,random,1000,31.249288,30.968,1.6431635218125478,29.268,30.647,31.312,30.16,32.8042,51.104,68
388256,48532,random,1000,31.770212,31.618000000000002,1.1665239153575468,30.164,31.250999999999998,32.04,30.715600000000002,32.7722,43.192,26
389152,48644,random,1000,32.21194,32.068,1.253020693068258,30.416,31.596,32.588,31.0878,33.436,46.484,23
390056,48757,random,1000,31.249164,31.08,1.204398308031188,29.26,30.651,31.657,30.031,32.4886,40.92,21
390960,48870,random,1000,32.912248,32.828,1.1706072765414932,30.796,32.412,33.248,31.7356,33.8846,44.616,34
391864,48983,random,1000,31.503308,31.376,1.1722293268515043,29.384,31.052,31.784,30.279400000000003,32.5364,44.736,44
392768,49096,random,1000,31.464232,31.252,1.3695876183802262,29.836,30.892,31.75,30.3318,32.605,49.868,31
393680,49210,random,1000,31.529964,31.356,1.3586394768046202,29.692,30.959,31.736,30.4436,32.6004,45.644,39
394584,49323,random,1000,31.839816,31.712,1.7198301281852848,29.924,31.336,32.108999999999995,30.6478,32.7682,74.984,30
395504,49438,random,1000,31.722568,31.58,1.2309234655143895,30.048,31.164,32.004999999999995,30.612,32.8244,46.744,28
396416,49552,random,1000,31.567272,31.452,1.0644923099270815,30.164,31.122,31.816,30.5958,32.4526,43.648,31
397336,49667,random,1000,31.909616,31.776,1.1606802105210094,30.164,31.391,32.229,30.8038,32.8416,44.084,24
398248,49781,random,1000,32.216172,32.032,1.2329773118218628,30.144,31.683,32.44,31.2756,33.2122,44.108,38
399176,49897,random,1000,33.254268,33.136,1.1960008470741992,31.416,32.727000000000004,33.52,32.156,34.2962,45.764,26
400096,50012,random,1000,32.016256,31.824,1.2417980306043381,30.644,31.523,32.157,31.0914,33.0254,43.116,45
401024,50128,random,1000,32.610776,32.352,2.1235584706813238,31.016,31.968,32.752,31.4758,33.724799999999995,73.272,34
401952,50244,random,1000,32.744584,32.624,1.223876633062727,30.976,32.18,33.084,31.62,33.828,45.96,22
402880,50360,random,1000,32.048084,31.896,1.3459690552318213,30.028,31.452,32.272999999999996,30.952,33.2402,45.964,38
403808,50476,random,1000,32.959268,32.768,1.2472427537022064,31.172,32.423,33.28,31.8358,34.0736,46.344,25
404744,50593,random,1000,32.820168,32.712,1.1578416165369878,31.192,32.3,33.074,31.7998,33.7404,45.092,20
405680,50710,random,1000,32.455352,32.284,1.2878102419670823,30.784,31.9,32.748999999999995,31.451600000000003,33.4324,48.352,23
406616,50827,random,1000,34.079552,33.236,3.3728141025360805,31.448,32.823,33.724,32.1878,41.30959999999999,58.156,95
407560,50945,random,1000,32.805248,32.636,1.3494097513999124,30.804,32.228,33.056,31.708,33.9482,49.392,33
408504,51063,random,1000,32.75586,32.54,1.3752913985155404,31.2,32.232,32.96,31.8196,33.7842,50.792,32
409448,51181,random,1000,33.28638,32.912,2.0721987103304293,31.128,32.483000000000004,33.324,31.872,35.516,52.348,80
410392,51299,random,1000,32.572048,32.366,1.5980530790118765,30.588,31.991,32.74,31.4506,33.852199999999996,53.816,55
411344,51418,random,1000,32.816376,32.71,1.1209440834681552,31.072,32.351,33.081,31.718799999999998,33.9044,45.82,33
412296,51537,random,1000,32.756648,32.611999999999995,1.3461490145096364,30.576,32.159,33.069,31.484,33.9368,44.404,34
413248,51656,random,1000,33.799576,32.93,3.7418562875531043,30.836,32.476,33.501,31.9036,40.41899999999999,73.748,85
414208,51776,random,1000,33.311812,32.752,2.99845974685496,31.22,32.368,33.234,31.8158,35.6652,80.472,78
415160,51895,random,1000,32.8107,32.652,1.2477779208415816,31.384,32.272,33.028999999999996,31.84,33.8604,48.06,36
416128,52016,random,1000,33.212032,33.068,1.2228878467225281,31.116,32.72,33.504,32.2078,34.1284,46.68,34
417088,52136,random,1000,33.362016,33.252,1.3328467940165967,31.576,32.803,33.656,32.199600000000004,34.2122,50.384,24
418048,52256,random,1000,33.044808,32.796,1.6957494063643912,30.72,32.412,33.188,31.876,34.4688,53.136,63
419016,52377,random,1000,33.252312,32.984,1.4897995077288855,31.584,32.64,33.48,32.1554,34.327799999999996,47.272,32
419984,52498,random,1000,33.367184,33.226,1.2269069642164574,31.86,32.828,33.649,32.2556,34.36579999999999,47.856,29
420960,52620,random,1000,33.618444,33.366,1.7468951077215202,31.576,32.94,33.788,32.296,34.8162,51.216,42
421936,52742,random,1000,33.648772,33.44,1.5384233560494454,31.32,33.008,33.888,32.524,34.8298,50.324,41
422912,52864,random,1000,34.25346,34.022000000000006,1.4883795235107227,32.136,33.598,34.496,33.084,35.492999999999995,49.052,40
423888,52986,random,1000,33.429112,33.322,1.1395337382441104,31.812,32.89,33.684,32.435,34.5488,47.196,26
424864,53108,random,1000,33.498712,33.296,1.5101414888587006,31.668,32.883,33.724,32.2678,34.704,56.008,42
425848,53231,random,1000,33.531784,33.338,1.3120498481948573,31.716,32.988,33.748999999999995,32.484,34.661199999999994,46.34,38
426832,53354,random,1000,33.771448,33.6,1.3815939958125416,31.684,33.207,34.008,32.622800000000005,34.9214,50.7,42
427824,53478,random,1000,33.70268,33.61,1.1579557362382584,31.584,33.18,34.045,32.5638,34.729,44.08,23
428816,53602,random,1000,33.894544,33.676,1.3476118795268326,32.32,33.34,34.108999999999995,32.7398,34.9672,46.904,37
429808,53726,random,1000,34.088744,33.924,1.3209005536893141,32.216,33.511,34.341,33.004,35.1482,47.136,32
430800,53850,random,1000,34.369156,33.82,2.4229228404459673,31.892,33.388,34.234,32.771,40.70059999999999,48.78,89
431792,53974,random,1000,33.797124,33.666,1.2026705421922734,32.12,33.318,34.048,32.7198,34.7642,48.48,32
432792,54099,random,1000,34.02546,33.852,1.290005450555331,32.236,33.451,34.296,32.9116,35.1172,46.684,30
433792,54224,random,1000,34.094264,33.976,1.1307951202175872,32.72,33.624,34.325,33.1796,34.9322,47.18,24
434800,54350,random,1000,34.053136,33.938,1.336159475379959,31.856,33.471000000000004,34.369,32.8116,35.2084,49.792,36
435808,54476,random,1000,34.146592,33.968,1.3533180022268052,32.36,33.536,34.418,32.92,35.444,47.036,32
436816,54602,random,1000,34.357516,34.17,1.5548268084092671,32.328,33.688,34.612,33.123400000000004,35.6426,50.988,35
437824,54728,random,1000,34.38482,34.148,1.5348107517357452,32.84,33.751000000000005,34.6,33.2598,35.4732,52.728,40
438832,54854,random,1000,34.159896,34.036,1.2009179627006739,32.316,33.592,34.497,33.1,35.1882,46.896,16
439848,54981,random,1000,34.319244,34.18,1.1100021176399464,32.772,33.823,34.585,33.3038,35.324,45.956,27
440872,55109,random,1000,34.675024,34.492,1.9978145435386074,32.828,34.162,34.852,33.624,35.669599999999996,87.084,41
441888,55236,random,1000,34.5526,34.352,1.3084036472373897,32.756,34.012,34.812,33.552,35.617,54.004,30
442912,55364,random,1000,34.734212,34.466,1.857424995705256,32.972,34.116,34.84,33.4274,35.7648,51.328,43
443936,55492,random,1000,34.655972,34.548,1.2361800889953003,32.892,34.086,34.921,33.5108,35.7726,46.424,23
444960,55620,random,1000,34.765732,34.626000000000005,1.2552674713385195,32.952,34.191,35.076,33.6398,35.86,48.712,21
445992,55749,random,1000,34.726244,34.584,1.200458706315869,32.98,34.188,35.004999999999995,33.6998,35.7164,49.544,19
447024,55878,random,1000,34.79206,34.558,1.3781354845637688,33.124,34.188,35.0,33.7436,35.8802,49.252,33
448056,56007,random,1000,34.786492,34.61,1.6995517179474056,32.764,34.287,34.992999999999995,33.748,35.8564,72.52,50
449096,56137,random,1000,35.112284,34.992,1.1021642479110694,33.448,34.6,35.424,34.0438,36.068599999999996,46.456,19
450136,56267,random,1000,34.849876,34.676,1.1728839505191404,33.348,34.291,35.12,33.8878,35.925,45.34,28
451176,56397,random,1000,35.473464,35.36,1.2055782528013799,33.88,34.932,35.745,34.4718,36.4122,49.036,21
452216,56527,random,1000,35.345104,35.152,1.4881238596991198,32.692,34.764,35.58,34.1714,36.405,52.04,45
453264,56658,random,1000,35.000512,34.884,1.1830629466735032,33.26,34.496,35.229,34.0554,35.849399999999996,47.856,21
454312,56789,random,1000,35.188116,35.013999999999996,1.6581449029150206,33.312,34.615,35.46,34.0316,36.4248,74.28,26
455360,56920,random,1000,35.594944,35.416,1.242404000542724,33.908,35.043,35.908,34.5634,36.6566,48.06,20
456416,57052,random,1000,35.219352,35.064,1.1393723559317477,33.468,34.696,35.48,34.244,36.2002,46.936,26
457472,57184,random,1000,35.33996,35.212,1.1546195879131762,33.624,34.808,35.656,34.2556,36.3844,47.344,16
458528,57316,random,1000,35.350436,35.216,1.3406903820810399,33.156,34.779,35.676,34.1876,36.388,52.78,25
459592,57449,random,1000,35.286624,35.12,1.215217542788245,33.592,34.788,35.532,34.2476,36.3042,48.044,26
460656,57582,random,1000,35.416092,35.292,1.1588125258237443,33.636,34.872,35.716,34.332,36.3684,45.692,19
461720,57715,random,1000,36.249244,35.57,3.263918678153854,34.088,35.074,36.025,34.484,40.05259999999999,68.916,87
462784,57848,random,1000,36.585556,35.684,3.446199952553098,34.004,35.252,36.248999999999995,34.752,44.33659999999998,71.752,91
463856,57982,random,1000,36.401296,36.264,1.2610286347270634,34.604,35.904,36.644,35.3628,37.300599999999996,49.376,36
464928,58116,random,1000,35.927172,35.672,2.4816491857426377,34.02,35.264,36.120999999999995,34.6118,37.1248,100.068,40
466008,58251,random,1000,36.663148,35.826,3.6328773036808717,34.124,35.324,36.38,34.7638,43.529799999999994,73.824,88
467088,58386,random,1000,35.912808,35.646,1.5433029135652596,34.104,35.288,36.136,34.7238,37.129599999999996,50.72,38
468168,58521,random,1000,35.9349,35.678,1.5446235515218314,34.44,35.344,36.104,34.784,37.1136,51.62,45
469248,58656,random,1000,35.894024,35.776,1.3132012004322935,33.316,35.348,36.152,34.827600000000004,36.7816,49.88,31
470336,58792,random,1000,35.923924,35.836,1.1136957180380898,34.384,35.422,36.205,34.8636,36.885,46.132,21
471424,58928,random,1000,36.155028,36.02,1.266785250975116,34.008,35.684,36.376,35.02,37.096599999999995,50.352,46
472512,59064,random,1000,36.152271999999996,36.068,1.2337231645968487,34.476,35.596,36.441,35.0392,37.1002,46.86,21
473608,59201,random,1000,36.120124,35.956,1.2169032920681273,34.068,35.58,36.396,35.096,37.224799999999995,49.232,37
474696,59337,random,1000,36.316348,36.042,1.5804651280293776,34.304,35.66,36.532,35.1798,37.596,51.348,44
475800,59475,random,1000,36.043908,35.944,1.2030398232612056,34.08,35.52,36.356,34.8676,37.1164,46.276,24
476896,59612,random,1000,36.254252,36.136,1.1835694509158055,34.072,35.776,36.477,35.264,37.2482,48.128,40
478000,59750,random,1000,36.25614,36.172,1.2442066510795506,33.7,35.735,36.561,35.0796,37.352399999999996,50.884,39
479104,59888,random,1000,36.44348,36.28,1.2257448494837886,34.82,35.919,36.689,35.3878,37.5284,47.62,28
480216,60027,random,1000,36.499016,36.344,1.423691126673257,34.6,35.94,36.7,35.296,37.480799999999995,51.864,42
481328,60166,random,1000,36.540768,36.384,1.2560440760168001,34.632,36.032,36.765,35.4718,37.449,51.296,34
482440,60305,random,1000,36.841464,36.668,1.4753955159999073,34.988,36.204,37.072,35.558800000000005,37.8444,49.192,33
483552,60444,random,1000,37.227208,36.546,3.07418383233192,34.616,36.119,37.076,35.404,43.9442,65.44,74
484672,60584,random,1000,37.333728,37.2,1.2340813469082121,35.484,36.772,37.644,36.2438,38.342,50.896,22
485792,60724,random,1000,36.718336,36.536,1.4161209007388844,34.404,36.104,37.044,35.4398,37.8082,53.892,35
486920,60865,random,1000,36.84564,36.644,1.4558840547175385,34.916,36.279,37.016999999999996,35.7394,37.9848,51.564,44
488048,61006,random,1000,36.80574,36.706,1.4223342923656306,34.744,36.124,37.161,35.3278,38.1006,50.192,27
489176,61147,random,1000,37.212396,36.784,2.331279883042162,34.892,36.34,37.241,35.7558,38.974199999999996,57.012,61
490304,61288,random,1000,36.989868,36.870000000000005,1.193317925050255,34.996,36.407000000000004,37.368,35.8628,37.989,48.088,14
491440,61430,random,1000,36.983724,36.816,1.5520820398685382,34.756,36.388,37.196,35.68,38.0222,52.272,42
492576,61572,random,1000,36.858576,36.71,1.188434996945969,35.324,36.272,37.216,35.7438,37.9082,47.876,17
493720,61715,random,1000,36.97356,36.844,1.1849668285588355,35.32,36.432,37.277,35.8552,38.0242,46.496,19
494856,61857,random,1000,37.095912,36.972,1.2697578813826411,35.196,36.568,37.388999999999996,35.8796,38.2442,50.832,36
496000,62000,random,1000,37.165672,37.012,1.5234987249029062,34.94,36.443,37.492999999999995,35.763400000000004,38.4202,51.148,29
497152,62144,random,1000,37.282616,37.0,1.8070862905255536,35.26,36.62,37.388999999999996,36.116,38.22559999999999,52.656,52
498304,62288,random,1000,37.242996,37.006,1.6618266395035806,35.088,36.619,37.445,36.019600000000004,38.3564,53.748,45
499456,62432,random,1000,37.359568,37.28,1.174210526156079,35.292,36.88,37.656,36.132,38.3164,50.716,32
500608,62576,random,1000,37.25164,37.076,1.2616371771498995,35.592,36.66,37.572,36.1588,38.40219999999999,49.116,25
501768,62721,random,1000,37.35618,37.216,1.259514760942893,35.18,36.844,37.620999999999995,36.211400000000005,38.4492,49.92,32
502928,62866,random,1000,37.290596,37.174,1.0940044362298038,35.352,36.784,37.592,36.199200000000005,38.368,46.292,27
504088,63011,random,1000,37.465024,37.196,1.7203911581850104,35.876,36.8,37.644999999999996,36.3558,38.72239999999999,58.296,45
505256,63157,random,1000,37.538884,37.432,1.2690579303461975,35.096,36.977999999999994,37.805,36.464,38.580999999999996,53.464,28
506424,63303,random,1000,37.62932,37.476,1.4282343109051985,35.584,37.023,37.885,36.3478,38.660199999999996,50.84,30
507600,63450,random,1000,37.740216,37.55,1.3279359650492455,36.104,37.18,37.969,36.6918,38.8322,53.26,29
508768,63596,random,1000,37.684432,37.524,1.3658903256695822,35.968,37.088,37.968,36.532,38.6804,52.056,30
509944,63743,random,1000,37.790148,37.716,1.1464628957219973,35.976,37.28,38.06,36.6796,38.6132,49.152,24
511128,63891,random,1000,37.704768,37.592,1.1380685894489357,35.844,37.204,37.961,36.687400000000004,38.6812,47.496,22
512312,64039,random,1000,37.705288,37.512,1.2933160106328845,36.02,37.164,37.928,36.6638,38.788,51.532,23
513496,64187,random,1000,37.806236,37.576,1.4109868930349128,36.136,37.176,38.008,36.6836,39.2086,52.208,49
514680,64335,random,1000,37.946744,37.624,1.9774068555399358,36.104,37.163,38.124,36.64,39.1166,62.892,34
515872,64484,random,1000,38.580652,37.742000000000004,3.107021146258792,36.296,37.299,38.28,36.82,46.581799999999994,65.308,94
517064,64633,random,1000,37.989404,37.856,1.325340643232752,35.948,37.485,38.288,36.7996,38.9488,54.7,31
518264,64783,random,1000,37.977844,37.866,1.2701909087253807,36.236,37.408,38.269,36.7918,38.9124,49.544,28
519464,64933,random,1000,38.748072,37.96,3.4038642297410324,35.7,37.624,38.472,37.0918,43.83639999999999,75.588,98
520664,65083,random,1000,38.373104,38.012,2.433345038678498,35.64,37.54,38.508,36.6718,40.0724,63.424,66
521864,65233,random,1000,38.23508,38.092,1.4563741233581389,35.836,37.699,38.424,37.096,39.1482,52.728,38
523072,65384,random,1000,38.37342,38.086,1.841312275116444,36.64,37.728,38.548,37.3078,39.3402,69.776,27
524288,65536,random,1000,38.309888,38.2,1.1759212602322768,36.644,37.819,38.552,37.295,39.1764,49.08,24
525496,65687,random,1000,38.807,38.228,2.7568712431035025,36.692,37.787,38.706,37.2834,42.242399999999996,69.712,73
526712,65839,random,1000,38.612708,38.262,2.1466089771630132,36.08,37.861999999999995,38.7,37.1276,40.10979999999999,59.608,68
527928,65991,random,1000,39.0302,38.849999999999994,1.329412008479045,37.232,38.44,39.344,37.8236,40.1842,51.284,22
529152,66144,random,1000,38.656532,38.242000000000004,2.2113084094847237,36.588,37.78,38.757,37.2432,40.7644,57.668,54
530376,66297,random,1000,38.875716,38.338,2.342355841077574,36.644,37.967,38.852,37.4518,42.51919999999999,59.612,72
531600,66450,random,1000,38.672504,38.576,1.1908840677609416,36.86,38.119,38.932,37.6438,39.62,49.348,20
532832,66604,random,1000,38.51754,38.388,1.325617535434052,36.808,38.027,38.724999999999994,37.4956,39.328,55.656,29
534064,66758,random,1000,38.62234,38.512,1.1736662288814552,36.884,38.095,38.874,37.5158,39.6042,50.632,24
535304,66913,random,1000,38.630924,38.482,1.2932053596882154,36.812,38.111000000000004,38.861,37.4478,39.625,51.152,35
536536,67067,random,1000,38.897216,38.604,1.6626099799078824,36.432,38.3,39.032,37.756,39.9444,57.232,53
537784,67223,random,1000,39.292024,38.68,2.8210118687072883,36.316,38.28,39.164,37.5676,44.997599999999984,63.924,86
539024,67378,random,1000,38.820384,38.672,1.3338069716347944,37.08,38.247,39.112,37.6952,39.7728,53.144,21
540272,67534,random,1000,39.853364,38.78,3.549251303066087,36.736,38.376,39.417,37.7478,49.63819999999999,67.88,114
541520,67690,random,1000,39.814328,38.870000000000005,3.1894230135834247,36.892,38.428,39.510000000000005,37.8518,47.4988,69.296,115
542776,67847,random,1000,38.983384,38.86,1.1887600813768417,37.412,38.415,39.304,37.9198,39.9724,51.84,20
544032,68004,random,1000,39.13656,38.86,3.4649289393802802,37.088,38.503,39.227,37.6638,40.233599999999996,139.196,62
545288,68161,random,1000,40.753156,38.998000000000005,4.407744494772263,37.188,38.507000000000005,39.644999999999996,37.827400000000004,50.572,71.728,192
546552,68319,random,1000,39.253948,39.05,1.5210785164314,37.38,38.607,39.545,37.9836,40.328,54.128,29
547816,68477,random,1000,39.29302,39.062,1.5064961819886389,37.632,38.708,39.46,38.1556,40.3856,56.204,40
549080,68635,random,1000,39.053604,38.872,1.3624998881207766,37.44,38.48,39.293,37.988,40.053,53.544,27
550352,68794,random,1000,39.24056,39.092,1.2579808815313127,37.068,38.703,39.509,38.1238,40.224199999999996,54.172,26
551624,68953,random,1000,39.34668,39.128,1.9146606150623329,37.528,38.68,39.509,38.1314,40.364399999999996,78.128,36
552896,69112,random,1000,39.441372,39.076,1.9092953984479548,37.688,38.707,39.565,38.1676,40.6446,56.7,47
554176,69272,random,1000,39.388096,39.128,1.5614186174382843,37.34,38.724,39.6,38.2076,40.6924,53.508,41
555464,69433,random,1000,39.866364,39.244,2.60262756493236,37.464,38.915,39.7,38.3438,44.50259999999999,64.136,90
556744,69593,random,1000,39.570228,39.284,1.7310627898485944,37.816,38.92,39.698,38.3958,40.7206,56.556,43
558032,69754,random,1000,39.440596,39.26,1.723843882291698,37.788,38.856,39.644,38.391600000000004,40.3486,77.204,29
559320,69915,random,1000,39.695248,39.416,1.9023824803644502,37.66,39.008,39.8,38.3716,40.788,62.048,51
560616,70077,random,1000,39.918376,39.408,2.422678626304023,37.344,38.911,39.861,38.3116,44.69499999999997,56.992,83
561912,70239,random,1000,39.47032,39.338,1.2911756596932054,37.472,38.94,39.748,38.339200000000005,40.437,54.784,25
563216,70402,random,1000,39.65192,39.396,1.5269863237216086,37.784,39.038,39.866,38.5234,40.832,56.444,40
564520,70565,random,1000,39.762912,39.556,1.5421584084693807,37.504,39.171,39.956,38.624,40.6682,53.46,35
565824,70728,random,1000,39.697172,39.46,1.8988275868600133,38.152,39.123000000000005,39.874,38.6638,40.660399999999996,82.424,33
567128,70891,random,1000,40.139228,39.784,1.7506646116828313,38.272,39.38,40.242000000000004,38.8516,42.508799999999994,57.84,67
568440,71055,random,1000,39.849548,39.674,1.4448996569709311,37.968,39.252,40.068,38.5912,41.1014,53.76,47
569760,71220,random,1000,40.198472,39.748,2.174898053417391,37.9,39.348,40.228,38.6438,43.213,59.256,81
571080,71385,random,1000,40.818636,39.82,3.4948683208504554,37.932,39.368,40.392,38.6676,49.13399999999999,64.32,117
572400,71550,random,1000,45.098612,45.844,5.294344733733875,37.952,39.915,49.033,39.0356,53.090199999999996,72.428,7
573720,71715,random,1000,47.309796,46.628,5.334373984657637,42.048,45.395,48.105,44.0558,51.362399999999994,173.84,38
575048,71881,random,1000,45.420656,45.53,13.505120597314635,37.78,40.870000000000005,46.888999999999996,39.3378,51.00619999999999,453.068,20
576376,72047,random,1000,44.349392,40.748000000000005,5.98280301349077,38.4,39.864,47.769000000000005,39.1754,55.66699999999999,77.912,13
577712,72214,random,1000,40.29304,39.988,2.008741969168439,38.36,39.56,40.42,39.0238,41.768,64.752,53
579048,72381,random,1000,41.254916,40.132,3.2944665411466443,38.56,39.68,40.888,39.148,48.1436,71.98,162
580384,72548,random,1000,40.27536,40.08,1.495476135306502,38.532,39.724,40.47,39.2156,41.1646,57.544,36
581728,72716,random,1000,40.297008,40.0,1.7586032427188636,38.604,39.62,40.428,39.0796,41.469,55.648,44
583080,72885,random,1000,40.406908,40.194,1.6496038458928206,38.512,39.744,40.552,39.1034,41.767,58.896,52
584424,73053,random,1000,44.363596,40.566,7.258809018644392,38.232,39.94,49.001000000000005,39.2436,55.163199999999996,85.676,30
585776,73222,random,1000,41.102496,40.256,3.2499091974662577,38.604,39.796,40.805,39.2438,48.2544,75.74,105
587128,73391,random,1000,41.691664,40.385999999999996,3.507531596008937,38.78,39.828,41.063,39.2434,49.492,68.568,175
588488,73561,random,1000,40.391032,40.232,1.2462821229986836,38.416,39.899,40.64,39.275600000000004,41.3606,54.344,35
589848,73731,random,1000,40.503676,40.288,1.560859691965297,38.804,39.892,40.668,39.3358,41.5562,57.452,41
591216,73902,random,1000,40.61304,40.364,1.5997746708200495,38.78,40.04,40.748,39.431200000000004,41.8054,57.984,62
592584,74073,random,1000,40.93184,40.372,2.459403622136183,38.544,39.955,40.857,39.46,46.35179999999999,71.868,78
593952,74244,random,1000,40.554484,40.368,1.2713254446168103,38.736,40.068,40.781,39.4904,41.5242,52.588,30
595328,74416,random,1000,40.500184,40.34,1.2039118879627273,38.94,40.012,40.688,39.543,41.5124,50.5,38
596704,74588,random,1000,40.603824,40.44,1.2563018456371666,38.32,40.091,40.868,39.4872,41.6562,52.824,39
598088,74761,random,1000,41.020344,40.593999999999994,2.2215631741187556,39.18,40.2,41.073,39.6438,43.04579999999999,60.908,60
599472,74934,random,1000,40.7601,40.62,1.1647183345336325,38.932,40.276,40.984,39.8156,41.6364,50.252,22
600856,75107,random,1000,40.711984,40.522000000000006,1.2621821800356712,38.984,40.136,40.964,39.6678,41.849,52.624,33
602248,75281,random,1000,40.70178,40.532,1.4128314876206618,38.988,40.145,40.945,39.6118,41.6966,62.532,25
603640,75455,random,1000,40.901188,40.702,1.4062267407151317,38.64,40.336,41.064,39.828,41.9696,54.18,45
605032,75629,random,1000,40.83002,40.664,1.415812568396265,38.932,40.239000000000004,41.104,39.596,41.9242,56.516,31
606432,75804,random,1000,40.878844,40.721999999999994,1.2433247009433923,39.176,40.327,41.148,39.839800000000004,41.94,56.22,22
607840,75980,random,1000,40.995004,40.726,1.7488108563808136,39.536,40.359,41.228,40.0078,42.132,80.82,31
609240,76155,random,1000,41.09976,40.95,1.277179101323247,39.304,40.568,41.332,40.0518,42.0284,56.364,28
610656,76332,random,1000,41.155208,40.944,1.5644025185277528,39.316,40.488,41.344,40.0238,42.28,57.244,39
612064,76508,random,1000,40.917476,40.788,1.1235559226559821,39.24,40.447,41.169,39.9558,41.788,50.056,19
613480,76685,random,1000,41.051456,40.89,1.1785675600310563,39.42,40.539,41.333,39.9912,42.0162,51.54,24
614896,76862,random,1000,41.0922,40.932,1.7481028114614539,39.292,40.528,41.348,39.9598,42.032199999999996,80.884,26
616320,77040,random,1000,41.00792,40.884,1.3076306158190958,39.236,40.472,41.26,39.816,41.9006,55.652,27
617744,77218,random,1000,41.029828,40.912,1.269867668030929,39.396,40.391000000000005,41.392,39.816,42.176,57.52,17
619176,77397,random,1000,41.251192,41.08,1.446439584153658,39.428,40.692,41.412,40.0758,42.3042,55.312,45
620608,77576,random,1000,41.42348,41.306,1.1796798133655004,39.484,40.924,41.673,40.403800000000004,42.288199999999996,53.06,25
622048,77756,random,1000,41.302792,41.148,1.7706359163544276,39.292,40.759,41.548,40.0958,42.2202,81.228,22
623480,77935,random,1000,41.349652,41.174,1.4216662188199218,39.564,40.735,41.601,40.196,42.608399999999996,55.192,36
624928,78116,random,1000,41.371628,41.25,1.259223729929681,39.704,40.836,41.625,40.268,42.264,54.032,23
626368,78296,random,1000,42.104224,41.4,2.68373163436833,39.42,41.028,41.856,40.3676,48.114,64.212,124
627824,78478,random,1000,41.613672,41.452,1.272604896910129,40.132,41.105999999999995,41.816,40.6238,42.6048,59.336,29
629272,78659,random,1000,41.625936,41.424,1.608388320304799,39.836,41.051,41.908,40.532,42.605199999999996,76.016,23
630728,78841,random,1000,41.522376,41.397999999999996,1.292712281858445,39.796,40.959,41.813,40.431200000000004,42.4644,56.848,20
632184,79023,random,1000,41.572176,41.4,1.2980953665292103,39.592,41.052,41.819,40.5078,42.6416,58.448,30
633648,79206,random,1000,41.692744,41.552,1.3597383803242913,39.604,41.163,41.917,40.4794,42.5886,53.416,46
635112,79389,random,1000,41.681252,41.538,1.3589717306333715,39.684,41.124,41.921,40.583800000000004,42.612,57.104,28
636584,79573,random,1000,41.729156,41.58,1.275604637360203,39.848,41.196,41.941,40.6398,42.556,51.612,29
638056,79757,random,1000,41.749588,41.608,1.3364259712504216,39.804,41.208,42.052,40.5354,42.7122,54.64,24
639536,79942,random,1000,41.948532,41.708,1.9728603089866181,40.088,41.252,42.116,40.7038,42.9044,77.212,37
641016,80127,random,1000,41.8216,41.672,1.2933423732695433,39.512,41.272,42.092,40.6798,42.812599999999996,55.096,32
642496,80312,random,1000,41.905104,41.806,1.2150776217225017,39.98,41.388,42.201,40.7638,42.7802,53.212,21
643984,80498,random,1000,42.080028,41.86,1.5577520774342593,40.324,41.439,42.257,40.9998,43.108,58.852,35
645472,80684,random,1000,41.83838,41.721999999999994,1.27355305228207,39.984,41.348,42.064,40.7998,42.6644,57.7,24
646960,80870,random,1000,41.96356,41.768,1.2614902282602096,40.236,41.372,42.272999999999996,40.8358,43.0642,52.72,28
648464,81058,random,1000,42.020928,41.834,1.456899765853418,40.2,41.376,42.232,40.8674,43.0766,56.028,36
649960,81245,random,1000,42.355892,41.964,2.2290910333970597,40.472,41.479,42.373,40.8758,45.923799999999986,66.144,55
651464,81433,random,1000,42.041092,41.908,1.2656293174168751,40.264,41.516,42.272,40.995400000000004,42.972,55.508,22
652968,81621,random,1000,42.117948,41.976,1.3534254429874317,39.724,41.572,42.38,40.9198,43.1204,55.236,34
654480,81810,random,1000,42.239244,42.032,1.509384284197163,40.312,41.668,42.408,41.228,43.184,61.652,32
655992,81999,random,1000,42.134088,42.004,1.2491367446612334,40.744,41.68,42.38,41.0238,43.0002,55.052,19
657512,82189,random,1000,42.240816,42.128,1.1902527343869937,40.404,41.764,42.497,41.008,43.2168,52.74,37
659032,82379,random,1000,42.367404,42.134,2.928349385388791,40.244,41.776,42.56,41.2394,43.2522,126.656,34
660560,82570,random,1000,42.306412,42.104,1.3805881173636856,40.868,41.796,42.509,41.2998,43.160399999999996,61.98,22
662088,82761,random,1000,42.316448,42.148,1.3588421112032034,40.396,41.772,42.513,41.211400000000005,43.1642,56.096,34
663616,82952,random,1000,42.510028,42.26,1.6696878800640655,40.676,41.888,42.681,41.2316,43.6324,61.548,45
665152,83144,random,1000,42.376732,42.25,1.2880651909403158,40.5,41.839,42.632,41.172,43.3562,57.212,27
666688,83336,random,1000,42.4881,42.332,1.6886341472572686,40.896,41.939,42.66,41.519800000000004,43.352,80.832,24
668232,83529,random,1000,42.49628,42.384,1.2973586046074344,40.356,41.96,42.785,41.352,43.3842,55.568,23
669776,83722,random,1000,42.659344,42.38,2.131786312590112,40.32,41.988,42.841,41.3598,43.480999999999995,79.464,36
671328,83916,random,1000,42.523028,42.36,1.4223481322887956,40.736,41.908,42.792,41.3676,43.5408,59.772,24
672880,84110,random,1000,42.567276,42.434,1.20931517108114,40.992,42.059,42.816,41.5278,43.4962,53.672,19
674440,84305,random,1000,42.703808,42.472,1.8161217551049174,40.852,42.116,42.844,41.576,43.6776,81.128,40
676000,84500,random,1000,42.507456,42.4,1.3294983256333428,40.716,41.968,42.765,41.36,43.3722,60.084,21
677560,84695,random,1000,42.82612,42.696,1.3320761105749042,40.68,42.268,43.084,41.6678,43.681,55.62,29
679128,84891,random,1000,42.743036,42.6,1.2946611982763376,40.856,42.224,42.972,41.7234,43.581199999999995,57.72,29
680696,85087,random,1000,42.727804,42.536,1.3483637188467739,40.86,42.148,43.012,41.7438,43.6362,60.4,23
682272,85284,random,1000,42.890244,42.678,1.8933171943608558,41.132,42.224,43.096999999999994,41.7352,43.9646,84.744,31
683856,85482,random,1000,42.90998,42.752,1.2840440244230946,41.288,42.359,43.164,41.852,43.8162,53.88,28
685432,85679,random,1000,43.377684,42.752,2.6013505132212837,41.228,42.339,43.318,41.808,48.30259999999999,66.064,80
687024,85878,random,1000,43.084016,42.822,1.8345102244216323,41.108,42.384,43.281,41.8876,44.0362,66.856,35
688608,86076,random,1000,43.016144,42.89,1.1896140789856686,41.48,42.575,43.229,42.04,43.7842,53.292,26
690200,86275,random,1000,43.133756,42.828,3.10452646196115,41.116,42.452,43.252,41.992,44.1002,130.756,34
691800,86475,random,1000,43.187092,42.91,2.0638762348185145,41.068,42.552,43.284,42.04,43.9842,77.868,42
693400,86675,random,1000,43.0363,42.912,1.3299959877109884,41.264,42.551,43.252,41.896,43.9442,59.808,35
695000,86875,random,1000,43.188044,42.989999999999995,1.3454898725226663,41.516,42.59,43.416,42.0278,44.3368,53.524,40
696608,87076,random,1000,43.131144,42.94,1.3296215012553765,41.332,42.608,43.316,42.1436,43.9642,52.856,32
698224,87278,random,1000,43.14458,42.968,1.372231086134458,41.256,42.582,43.405,42.0478,44.124,56.504,26
699840,87480,random,1000,43.274312,43.032,2.0320865489438185,41.244,42.659,43.364999999999995,42.068,44.096,77.78,41
701456,87682,random,1000,43.32574,43.192,1.3278621427958062,41.54,42.796,43.56,42.3,44.172,60.152,20
703080,87885,random,1000,43.199,43.052,1.2410029816242991,41.192,42.675,43.476,42.103,44.108999999999995,55.828,25
704704,88088,random,1000,43.30856,43.164,1.2903564290978342,41.416,42.759,43.525,42.2318,44.3486,56.668,29
706336,88292,random,1000,43.327776,43.176,1.247532797125552,41.528,42.775000000000006,43.596999999999994,42.2516,44.264,56.22,27
707968,88496,random,1000,43.461748,43.228,1.6321013041974948,41.696,42.843,43.584,42.1638,44.4964,60.004,47
709608,88701,random,1000,43.668552,43.206,2.179911557309996,41.6,42.884,43.585,42.3718,46.29979999999997,62.276,72
711248,88906,random,1000,43.301336,43.176,1.2043588133339895,41.144,42.788,43.604,42.1756,44.224199999999996,52.512,20
712896,89112,random,1000,43.459492,43.308,1.3392043168008898,41.696,42.927,43.681,42.391600000000004,44.364799999999995,58.528,29
714544,89318,random,1000,43.41746,43.28,1.272670001741745,41.864,42.855000000000004,43.684,42.348,44.300399999999996,57.624,23
716192,89524,random,1000,43.358424,43.228,1.3135415317299943,41.556,42.748,43.693,42.192,44.288199999999996,57.82,19
717848,89731,random,1000,43.539868,43.42,1.276102750096874,41.508,42.999,43.813,42.4636,44.364399999999996,54.596,23
719512,89939,random,1000,43.600444,43.518,1.182162567162063,41.756,43.06,43.904,42.4476,44.544,52.324,22
721176,90147,random,1000,43.629124,43.448,1.3636119147609698,41.68,43.092,43.84,42.536,44.504599999999996,56.988,34
722848,90356,random,1000,43.7977,43.528,1.8294946145164093,41.732,43.172,43.98,42.6438,44.864,63.356,43
724520,90565,random,1000,43.61376,43.464,1.321455904715745,41.992,43.088,43.852,42.6158,44.4126,59.532,20
726192,90774,random,1000,43.581536,43.412,1.3518857184317392,41.628,43.035,43.816,42.4878,44.5804,58.924,30
727872,90984,random,1000,43.786696,43.641999999999996,1.771657017645394,41.54,43.188,44.049,42.548,44.6322,81.768,25
729560,91195,random,1000,43.740132,43.602000000000004,1.2940464391832167,41.976,43.184,44.024,42.6558,44.7282,56.232,23
731240,91405,random,1000,43.919796,43.624,2.041467804590898,42.024,43.236,44.064,42.711800000000004,44.809,78.856,33
732936,91617,random,1000,43.85602,43.692,1.2598253496066476,41.984,43.348,44.076,42.76,44.8366,54.08,34
734632,91829,random,1000,43.856992,43.712,1.3473251236894994,41.904,43.356,44.052,42.768,44.748599999999996,62.628,36
736328,92041,random,1000,43.793052,43.616,1.8667277803423568,41.544,43.207,44.076,42.5952,44.736399999999996,87.012,24
738032,92254,random,1000,43.898724,43.742000000000004,1.321462042494507,42.348,43.359,44.148,42.792,44.804,58.252,22
739744,92468,random,1000,43.868456,43.726,1.2497226567454007,41.92,43.351,44.137,42.8118,44.7524,57.868,25
741448,92681,random,1000,43.991616,43.861999999999995,1.22237867052651,41.752,43.488,44.268,42.8998,44.837399999999995,54.36,29
743168,92896,random,1000,44.057264,43.849999999999994,1.4925957109211658,42.36,43.467,44.28,42.8998,44.9988,58.916,29
744888,93111,random,1000,44.800716,44.025999999999996,3.2524074815080857,41.924,43.632,44.48,43.0558,51.28399999999998,86.544,101
746608,93326,random,1000,44.140916,43.864,1.909892760156784,41.9,43.392,44.26,42.8156,45.739,64.772,61
748336,93542,random,1000,44.144192,43.956,1.7626127739599888,42.348,43.568,44.321,43.135600000000004,45.0044,79.612,29
750064,93758,random,1000,44.135076,44.008,1.1853401340785932,42.44,43.644,44.392,43.135600000000004,44.9002,53.496,18
751800,93975,random,1000,44.14982,44.010000000000005,1.1892196714766483,42.228,43.655,44.433,43.08,45.0254,53.296,35
753544,94193,random,1000,44.126992,43.962,1.2618488080393586,42.512,43.564,44.41,43.068,45.0602,56.164,21
755288,94411,random,1000,44.30526,44.036,2.1067076278946324,42.296,43.612,44.456,42.9836,45.304,77.98,37
757032,94629,random,1000,44.207064,44.06,1.218709990910859,42.304,43.627,44.497,43.1318,45.236,53.536,19
758784,94848,random,1000,44.280828,44.105999999999995,1.3101653971097633,42.804,43.74,44.544,43.288,45.1046,58.332,20
760536,95067,random,1000,44.381876,44.188,1.4223198073071535,42.788,43.815,44.62,43.3036,45.2562,65.172,26
762296,95287,random,1000,44.42294,44.148,2.034423825239151,42.46,43.808,44.504,43.2798,45.260999999999996,78.148,41
764064,95508,random,1000,44.165588,44.008,1.1377265523683464,42.524,43.679,44.416,43.2474,44.904,53.116,21
765824,95728,random,1000,44.232556,44.062,1.2975724816784646,42.712,43.688,44.457,43.1758,45.1122,59.4,25
767600,95950,random,1000,44.449728,44.176,1.6317181024864502,42.24,43.796,44.569,43.2996,45.884199999999986,62.372,62
769376,96172,random,1000,44.561856,44.36,1.4372543655788197,42.632,43.972,44.716,43.4514,45.5774,57.096,43
771152,96394,random,1000,44.503664,44.304,1.4812118456303391,42.648,43.988,44.697,43.4478,45.3482,63.584,36
772936,96617,random,1000,44.466488,44.328,1.2488220074383147,42.72,43.944,44.689,43.4798,45.2922,57.928,22
774728,96841,random,1000,44.522064,44.368,1.3485221584816156,42.68,43.96,44.768,43.3836,45.5604,59.62,24
776520,97065,random,1000,44.583332,44.46,1.1693311426183333,42.716,44.099000000000004,44.796,43.56,45.4644,53.66,28
778312,97289,random,1000,44.623008,44.48,1.3825071855343298,42.392,44.104,44.888999999999996,43.4076,45.532199999999996,58.912,35
780112,97514,random,1000,44.543184,44.38,1.197199096148932,43.024,44.052,44.784,43.559400000000004,45.4522,53.648,20
781920,97740,random,1000,44.616332,44.484,1.1870283628077765,42.772,44.099000000000004,44.876,43.5512,45.4964,54.196,22
783728,97966,random,1000,44.698056,44.504,2.9313543523776175,42.988,44.148,44.844,43.668,45.5084,129.904,21
785544,98193,random,1000,44.654276,44.532,1.2069375385851773,42.86,44.171,44.868,43.6716,45.4,54.496,28
787360,98420,random,1000,44.813108,44.628,1.5188073729647786,43.148,44.231,45.036,43.7556,45.5492,65.992,24
789176,98647,random,1000,44.793856,44.648,1.18701469879659,43.004,44.3,45.048,43.82,45.636,53.996,22
791008,98876,random,1000,44.797372,44.629999999999995,1.3077949982215764,42.98,44.284,45.004,43.7878,45.7446,59.084,30
792832,99104,random,1000,44.776296,44.664,1.1649101734022655,42.984,44.296,45.012,43.7198,45.612,53.496,23
794672,99334,random,1000,45.03578,44.704,2.111813092614528,43.216,44.322,45.132,43.8158,46.0772,77.792,46
796504,99563,random,1000,44.897204,44.72,1.2353612248001553,43.452,44.379000000000005,45.073,43.9398,45.8208,55.268,35
798352,99794,random,1000,44.885684,44.716,1.3375369277807536,43.476,44.379000000000005,45.068,43.932,45.604,61.104,25
800192,100024,random,1000,45.037884,44.802,1.8378504446229569,43.248,44.468,45.164,43.9638,46.0402,83.064,43
802048,100256,random,1000,45.045628,44.88,1.325456380358189,43.348,44.563,45.216,44.083800000000004,45.812,59.044,38
803904,100488,random,1000,45.437028,44.876,2.6716104891660053,43.136,44.524,45.28,44.036,50.61879999999997,76.552,77
805760,100720,random,1000,46.122444,45.068,3.329987061941337,42.788,44.607,45.717,43.9598,53.0726,77.892,145
807624,100953,random,1000,45.785116,45.018,3.2931425487504167,43.08,44.635000000000005,45.48,44.095,53.04599999999999,96.148,97
809496,101187,random,1000,45.106304,44.948,1.1495378414096826,43.312,44.636,45.306,44.2394,45.9322,54.0,25
811368,101421,random,1000,45.182752,44.964,1.5241510078698866,43.588,44.619,45.344,44.1236,46.02,65.928,33
813240,101655,random,1000,45.060208,44.912,1.178054610534419,43.24,44.552,45.304,44.083800000000004,45.9564,54.092,22
815128,101891,random,1000,45.278336,45.092,1.316323237647186,43.656,44.714,45.488,44.2398,46.344,55.86,37
817008,102126,random,1000,45.175116,45.019999999999996,1.2033493741471177,43.144,44.64,45.480999999999995,44.0078,46.22,54.516,20
818896,102362,random,1000,45.336616,45.108,1.534720408177097,42.716,44.704,45.552,44.2316,46.285,60.652,34
820792,102599,random,1000,45.296552,45.162,1.2686130577864891,43.524,44.807,45.491,44.2198,46.1244,57.904,35
822696,102837,random,1000,45.21986,45.078,1.3001821557143591,43.384,44.684,45.48,44.147800000000004,46.0602,59.664,25
824592,103074,random,1000,45.493988,45.252,1.6615411685874386,43.52,44.823,45.693,44.2078,46.516799999999996,64.048,39
826504,103313,random,1000,45.39492,45.24,1.371577168638181,43.364,44.788,45.688,44.268,46.3086,58.4,28
828416,103552,random,1000,45.44126,45.128,2.0773194854534642,43.488,44.78,45.516,44.339400000000005,46.2084,79.388,41
830328,103791,random,1000,45.468496,45.33,1.2440645492041749,43.828,44.991,45.64,44.5398,46.2764,60.312,26
832248,104031,random,1000,45.428992,45.236000000000004,1.3810578440835506,43.608,44.944,45.545,44.464,46.1888,62.3,47
834176,104272,random,1000,45.850216,45.348,2.414714462473623,43.656,44.968,45.792,44.5116,48.890799999999984,68.696,63
836104,104513,random,1000,45.453956,45.328,1.286211977597517,43.388,44.904,45.681,44.4278,46.3084,55.592,24
838040,104755,random,1000,45.509836,45.344,1.2511174989185068,43.332,45.016,45.733,44.467600000000004,46.377399999999994,56.172,35
839976,104997,random,1000,45.665068,45.428,1.6579720246767167,44.156,45.007000000000005,45.841,44.516,46.5202,67.644,32
841920,105240,random,1000,47.538208,45.804,3.444564802615189,43.972,45.248,50.396,44.6758,53.0092,74.912,13
843872,105484,random,1000,45.613312,45.454,1.184081838580618,43.828,45.144,45.833,44.7236,46.4124,56.396,24
845824,105728,random,1000,45.571076,45.472,1.1667677872195878,43.752,45.059,45.821,44.524,46.5012,54.716,25
847776,105972,random,1000,45.636656,45.468,1.2215335942928405,43.928,45.136,45.873,44.616,46.612,55.792,26
849736,106217,random,1000,45.804208,45.55,3.0731639626738882,43.888,45.156,45.896,44.6554,46.617799999999995,132.7,36
851704,106463,random,1000,45.694072,45.536,1.2672185406020722,44.072,45.211,45.904,44.6758,46.5562,57.348,27
853672,106709,random,1000,45.733464,45.56,1.4163667602367345,43.728,45.172,45.912,44.6634,46.629,60.04,35
855648,106956,random,1000,45.789952,45.684,1.2557246872567993,44.252,45.256,46.032,44.7958,46.6126,60.612,19
857632,107204,random,1000,45.82668,45.641999999999996,1.730611025077594,44.164,45.248,46.016,44.784,46.7642,83.276,20
859616,107452,random,1000,45.806756,45.652,1.3174109852920493,43.664,45.247,46.052,44.72,46.7482,59.724,26
861600,107700,random,1000,46.085808,45.778000000000006,2.1030757615442184,44.092,45.371,46.18,44.8478,47.004599999999996,79.16,43
863592,107949,random,1000,45.911788,45.676,2.840802836490384,43.992,45.328,46.0,44.7548,46.7404,125.016,48
865592,108199,random,1000,45.96736,45.794,1.8135407247592652,43.88,45.368,46.169,44.8116,46.837199999999996,85.596,28
867592,108449,random,1000,45.8795,45.736,1.2762084571205545,44.42,45.371,46.086,44.864,46.788199999999996,60.912,30
869600,108700,random,1000,45.970208,45.769999999999996,1.4455564541719559,43.74,45.396,46.168,44.8356,46.88,57.632,39
871616,108952,random,1000,45.893256,45.768,1.3259845615698251,43.644,45.392,46.125,44.775800000000004,46.78,62.596,32
873632,109204,random,1000,46.411548,45.838,2.4409095803153535,44.032,45.524,46.212,45.036,52.627,70.3,84
875648,109456,random,1000,45.9549,45.804,1.3008364099168523,44.368,45.451,46.2,44.8878,46.776,60.024,21
877672,109709,random,1000,46.046512,45.896,1.1927105232403412,44.464,45.584,46.245,45.071400000000004,46.8928,56.312,31
879704,109963,random,1000,45.985416,45.844,1.2861432328319267,44.688,45.464,46.181,45.083600000000004,46.765,60.572,24
881744,110218,random,1000,46.109656,45.96,1.229861947567317,44.156,45.615,46.332,45.1198,46.8962,56.732,21
883776,110472,random,1000,46.334752,46.072,1.91216857393671,44.204,45.648,46.444,44.932,47.436,74.676,53
885824,110728,random,1000,47.475436,46.104,4.65373325612063,44.32,45.728,46.582,45.211600000000004,57.0346,80.104,133
887872,110984,random,1000,46.403348,46.1,2.0032028905522066,44.444,45.67,46.496,45.044,47.657399999999996,64.972,49
889928,111241,random,1000,47.267328,46.11,3.3588662317482636,44.7,45.728,46.655,45.4,54.8154,84.416,150
891984,111498,random,1000,46.319024,46.164,1.5530016398953086,44.168,45.76,46.512,44.9958,47.1844,60.708,46
894048,111756,random,1000,46.21178,46.08,1.2248707834037171,44.564,45.76,46.397,45.2674,46.9444,58.244,29
896120,112015,random,1000,47.130004,46.230000000000004,3.405016458266401,44.276,45.819,46.7,45.211600000000004,55.751799999999996,80.192,107
898192,112274,random,1000,46.44422,46.194,1.6527165175817322,44.608,45.815,46.567,45.3474,47.368,67.352,44
900264,112533,random,1000,46.650364,46.196,2.259443363268001,44.632,45.819,46.676,45.312,49.082599999999985,73.7,70
902352,112794,random,1000,46.329704,46.146,1.3663870307866295,44.68,45.736,46.581,45.2638,47.208,63.048,29
904440,113055,random,1000,46.430344,46.232,1.4483897329387843,44.828,45.854,46.617,45.3756,47.3124,60.276,32
906528,113316,random,1000,47.125228,46.356,2.9237539371672683,44.8,45.963,46.776,45.467800000000004,55.205799999999996,72.284,97
908624,113578,random,1000,46.417848,46.292,1.2185782986603553,44.608,45.952,46.613,45.476,47.1802,61.376,26
910728,113841,random,1000,47.075052,46.376,2.817909827707958,44.496,45.956,46.784,45.48,55.1482,75.588,89
912832,114104,random,1000,46.475508,46.352,1.212049638530643,44.624,45.992,46.696,45.443200000000004,47.2644,60.524,26
914944,114368,random,1000,46.447772,46.316,1.2494399802632699,44.784,45.964,46.629,45.432,47.1488,56.836,30
917064,114633,random,1000,47.26466,46.448,3.9729111527225762,44.864,46.083,46.944,45.54,55.5928,132.56,78
919184,114898,random,1000,46.535356,46.334,1.46857001847483,44.792,45.952,46.724,45.467800000000004,47.4204,61.232,34
921312,115164,random,1000,46.614492,46.424,1.4929552442378498,44.696,46.06,46.78,45.5718,47.5012,63.552,40
923440,115430,random,1000,47.087892,46.372,2.8385777777147725,44.844,46.019000000000005,46.816,45.5754,54.22839999999999,74.676,80
925576,115697,random,1000,47.322848,46.59,2.952089700957357,45.104,46.195,47.025999999999996,45.7,53.85419999999999,84.628,99
927720,115965,random,1000,47.866108,46.66,3.5238993491527193,44.888,46.268,47.393,45.7076,56.5124,72.772,140
929864,116233,random,1000,46.783092,46.544,1.6279209532917027,45.008,46.136,46.95,45.6318,47.853199999999994,62.176,39
932016,116502,random,1000,46.957284,46.614000000000004,1.9297268379262937,45.064,46.24,46.980999999999995,45.7238,48.74079999999999,70.148,62
934168,116771,random,1000,46.7598,46.528,1.8897625487056546,44.724,46.212,46.876,45.6196,47.630199999999995,84.016,49
936336,117042,random,1000,46.858992,46.572,1.7602867292873923,44.692,46.195,46.985,45.751000000000005,48.168,61.78,51
938496,117312,random,1000,47.28212,46.694,2.6925773657353784,45.156,46.303,47.16,45.808,50.221999999999994,73.736,67
940672,117584,random,1000,46.826632,46.628,1.3361540435908592,45.048,46.28,47.004999999999995,45.82,47.7682,58.864,35
942848,117856,random,1000,47.365828,46.806,3.2447121189947112,45.312,46.431,47.177,45.872,52.657,116.568,81
945024,118128,random,1000,47.257428,46.644,2.6461339591460113,45.232,46.324,47.041,45.8156,54.1954,72.412,73
947216,118402,random,1000,47.163988,46.814,2.1815544539826854,45.172,46.48,47.184,45.891400000000004,48.09779999999999,78.536,52
949400,118675,random,1000,47.49674,46.782,2.7585720777801526,44.88,46.384,47.228,45.7878,53.2556,71.168,115
951600,118950,random,1000,49.523572,47.376,3.766895195280621,45.292,46.686,52.508,45.9836,54.87819999999999,76.396,11
953800,119225,random,1000,46.950328,46.836,1.2265627666926127,44.784,46.476,47.18,45.9078,47.72,57.556,32
956008,119501,random,1000,47.054048,46.804,1.8228158434947002,45.36,46.451,47.162,45.9598,48.0766,78.208,44
958216,119777,random,1000,46.9796,46.854,1.229255161572345,45.1,46.456,47.236,45.8998,47.852799999999995,56.164,24
960432,120054,random,1000,47.57798,46.876,2.8476065624897577,45.072,46.472,47.372,45.98,55.696799999999996,72.724,82
962656,120332,random,1000,47.143024,46.892,1.614421683698778,45.612,46.543,47.304,46.1076,48.0928,62.696,35
964880,120610,random,1000,47.105196,46.97,1.2147036554462798,45.092,46.599000000000004,47.357,46.104,47.9442,60.552,24
967112,120889,random,1000,47.536732,46.968,2.4353232507228917,45.684,46.611000000000004,47.421,46.111200000000004,53.2084,69.296,79
969352,121169,random,1000,47.122672,46.934,1.283663512151229,45.344,46.615,47.328,46.1878,47.952,61.668,30
971592,121449,random,1000,47.219504,47.016,1.469514617550705,45.58,46.663,47.357,46.1794,47.9614,61.836,34
973840,121730,random,1000,47.379368,47.02,1.9684178492904918,45.292,46.65,47.433,46.1558,48.5146,65.632,50
976096,122012,random,1000,47.340628,47.122,1.6070617253251367,45.384,46.739000000000004,47.548,46.2596,48.3042,61.508,30
978352,122294,random,1000,47.741868,47.004,2.938882321542643,45.44,46.608,47.452,46.1078,55.608599999999996,70.82,89
980616,122577,random,1000,47.292168,47.12,1.2635174649209089,45.516,46.772,47.516,46.2918,48.1164,58.292,24
982880,122860,random,1000,48.340932,47.21,3.358384846343872,45.568,46.824,47.814,46.3238,56.1546,71.552,146
985160,123145,random,1000,47.236084,47.128,1.2137218568064472,45.392,46.768,47.44,46.16,47.992599999999996,57.884,25
987440,123430,random,1000,47.257528,47.128,1.16872452795269,45.552,46.772,47.464,46.3034,48.0482,56.32,28
989720,123715,random,1000,47.508364,47.244,1.6703922838321201,45.772,46.912,47.572,46.3438,48.6524,62.584,57
992008,124001,random,1000,47.329128,47.194,1.260787471648043,45.428,46.799,47.573,46.268,48.0762,58.96,34
994304,124288,random,1000,47.453412,47.304,1.4187295837783491,45.52,46.952,47.6,46.3676,48.2848,62.612,47
996608,124576,random,1000,47.96768,47.344,2.8043772780276046,45.58,46.936,47.736,46.3718,55.429199999999994,78.092,87
998912,124864,random,1000,47.508732,47.216,1.7026029581229467,45.42,46.891000000000005,47.584,46.4356,48.7402,63.596,59
1001224,125153,random,1000,47.648712,47.354,1.7914779837950625,45.724,47.02,47.745,46.544,48.687999999999995,67.356,52
1003536,125442,random,1000,47.491504,47.348,1.4268579514435198,45.576,46.98,47.648,46.3998,48.2526,64.364,46
1005856,125732,random,1000,47.911952,47.344,2.3849027650818164,45.624,46.935,47.82,46.3876,53.673399999999994,72.676,83
1008184,126023,random,1000,51.757332,52.038,4.091906601746112,45.756,47.822,54.144999999999996,46.9076,56.70179999999999,77.912,18
1010520,126315,random,1000,47.585524,47.424,1.3266850216123534,45.976,47.055,47.760999999999996,46.52,48.4126,63.888,30
1012856,126607,random,1000,47.775984,47.412,4.7031521676484225,46.024,47.095,47.804,46.6158,48.5562,189.048,37
1015200,126900,random,1000,48.270632,47.456,3.1322903612984994,45.388,47.108,47.904,46.608,55.8202,78.78,106
1017544,127193,random,1000,47.53952,47.384,1.2408444384855504,45.496,47.051,47.756,46.532,48.3804,57.644,41
1019896,127487,random,1000,48.339032,47.584,2.9788079024159138,45.864,47.203,48.096999999999994,46.612,55.92139999999999,75.472,98
1022256,127782,random,1000,47.725212,47.528,1.563141669502459,46.004,47.135000000000005,47.857,46.583800000000004,48.7124,63.336,42
1024624,128078,random,1000,48.565568,47.650000000000006,3.243178066240789,45.96,47.204,48.235,46.5758,56.160799999999995,73.312,114
1026992,128374,random,1000,47.697936,47.442,1.5349032399014146,45.824,47.104,47.885,46.6198,48.696799999999996,62.288,35
1029368,128671,random,1000,48.627136,47.644,3.278712140888066,45.464,47.292,48.124,46.748,57.1204,74.124,125
1031752,128969,random,1000,47.944088,47.68,1.8767291356251983,46.048,47.272,48.048,46.6878,48.794,66.116,42
1034136,129267,random,1000,47.78596,47.628,1.4198345567595432,45.396,47.279,47.984,46.712,48.5644,63.036,32
1036528,129566,random,1000,48.805548,47.716,3.278628359484438,45.896,47.315,48.402,46.8678,56.8642,77.772,130
1038928,129866,random,1000,47.868368,47.62,1.5504936992091543,45.844,47.291,48.013,46.856,48.7484,64.0,32
1041328,130166,random,1000,47.846292,47.68,1.3179360979555474,46.336,47.375,47.988,46.8598,48.6242,64.352,34
1043736,130467,random,1000,49.389452,47.876000000000005,4.245635187087774,46.204,47.395,48.66,46.7718,57.9278,86.176,193
1046152,130769,random,1000,48.129188,47.694,2.073364802986262,46.156,47.436,48.032,47.056,50.02139999999999,73.1,67
1048576,131072,random,1000,48.167456,47.86,1.931639052590699,46.056,47.496,48.293,46.7638,49.4752,68.276,63
