size_bytes,num_nodes,pattern,n,mean,median,stddev,min,q1,q3,p5,p95,max,n_outliers
65536,8192,sequential,1000,10.188112,10.124,0.9274695181854566,10.088,10.116,10.14,10.104,10.168,29.236,27
65688,8211,sequential,1000,10.200887999999999,10.128,1.2731311111909418,10.088,10.116,10.14,10.108,10.168,45.512,33
65840,8230,sequential,1000,10.179316,10.124,0.8131907890546987,10.088,10.116,10.136,10.108,10.164,30.636,48
65992,8249,sequential,1000,10.173399999999999,10.128,0.605144756381625,10.096,10.116,10.14,10.108,10.172,21.612,31
66144,8268,sequential,1000,10.154176,10.124,0.4308375726860855,10.092,10.116,10.136,10.104,10.164,18.488,32
66296,8287,sequential,1000,10.155988,10.128,0.40537211350363805,10.092,10.116,10.14,10.108,10.168,17.16,21
66448,8306,sequential,1000,10.162644,10.124,0.4886513003741599,10.096,10.116,10.144,10.108,10.172,18.96,19
66600,8325,sequential,1000,10.245068,10.128,2.4434041260297277,10.092,10.116,10.144,10.108,10.18,86.276,42
66752,8344,sequential,1000,10.161092,10.124,0.5208708880500215,10.096,10.116,10.14,10.108,10.164,21.212,21
66912,8364,sequential,1000,10.405764,10.136,1.1870841558613683,10.092,10.12,10.468,10.108,11.3162,30.928,92
67064,8383,sequential,1000,10.168884,10.128,0.6293883540742109,10.092,10.116,10.144,10.108,10.176,21.704,22
67216,8402,sequential,1000,10.191612,10.124,0.6993041997727596,10.092,10.116,10.14,10.104,10.1962,24.976,61
67376,8422,sequential,1000,10.310748,10.128,0.8798046469033411,10.088,10.116,10.164,10.108,10.887599999999997,29.9,205
67528,8441,sequential,1000,10.18726,10.128,0.7656644163067776,10.088,10.116,10.144,10.108,10.168,23.112,19
67688,8461,sequential,1000,10.170416,10.128,0.5941265431650846,10.088,10.116,10.144,10.108,10.172,20.996,19
67840,8480,sequential,1000,10.157492,10.124,0.46918479547861347,10.092,10.116,10.136,10.108,10.164,18.692,42
68000,8500,sequential,1000,10.157148,10.124,0.48105294306347407,10.1,10.116,10.132,10.112,10.164,18.624,90
68160,8520,sequential,1000,10.149944,10.124,0.39864310000950115,10.084,10.116,10.136,10.104,10.164,18.048,32
68312,8539,sequential,1000,10.159991999999999,10.128,0.4536547173110168,10.096,10.116,10.144,10.108,10.168,17.94,10
68472,8559,sequential,1000,10.161816,10.128,0.49250361008824084,10.096,10.116,10.14,10.108,10.168,19.188,24
68632,8579,sequential,1000,10.165164,10.128,0.5119367503318553,10.088,10.116,10.144,10.108,10.168,19.476,14
68792,8599,sequential,1000,10.157916,10.128,0.4405609593494445,10.088,10.116,10.14,10.108,10.164,18.072,14
68952,8619,sequential,1000,10.156896,10.128,0.42252581133611855,10.092,10.116,10.14,10.108,10.164,17.188,16
69112,8639,sequential,1000,10.158816,10.128,0.4538530916197143,10.088,10.12,10.14,10.108,10.164,19.204,34
69272,8659,sequential,1000,10.164172,10.128,0.5702575945484112,10.092,10.116,10.14,10.108,10.164,23.224,12
69432,8679,sequential,1000,10.159424,10.128,0.46738839538026206,10.092,10.116,10.14,10.108,10.164,19.728,18
69592,8699,sequential,1000,10.16706,10.128,0.534238237956527,10.088,10.116,10.14,10.108,10.164,19.276,19
69752,8719,sequential,1000,10.157831999999999,10.128,0.44472221174753757,10.092,10.116,10.14,10.108,10.164,17.936,17
69912,8739,sequential,1000,10.155796,10.128,0.4154053731092173,10.092,10.116,10.137,10.108,10.164,17.172,35
70072,8759,sequential,1000,10.156156,10.124,0.42209346187136637,10.088,10.116,10.14,10.108,10.164,17.536,18
70240,8780,sequential,1000,10.151768,10.124,0.4054247296199226,10.088,10.116,10.136,10.108,10.16,17.02,29
70400,8800,sequential,1000,10.15572,10.124,0.4553139404678758,10.088,10.116,10.136,10.104,10.164,18.24,44
70560,8820,sequential,1000,10.157816,10.124,0.4654938137447528,10.088,10.116,10.14,10.108,10.16,18.12,11
70728,8841,sequential,1000,10.158656,10.128,0.43733763830005973,10.092,10.116,10.144,10.108,10.168,17.876,14
70888,8861,sequential,1000,10.17818,10.128,0.5385001076749809,10.092,10.116,10.144,10.108,10.172,20.372,27
71056,8882,sequential,1000,10.157944,10.124,0.4672653012216141,10.092,10.116,10.14,10.104,10.164,18.752,13
71216,8902,sequential,1000,10.193588,10.124,0.807529148440836,10.092,10.116,10.14,10.108,10.168199999999999,24.696,38
71384,8923,sequential,1000,10.170336,10.128,0.5169473025537686,10.088,10.116,10.144,10.108,10.172,19.432,25
71544,8943,sequential,1000,10.159456,10.128,0.45556795126767,10.092,10.12,10.14,10.108,10.164,18.424,32
71712,8964,sequential,1000,10.16238,10.124,0.5037628972608609,10.088,10.116,10.136,10.108,10.16,18.848,23
71880,8985,sequential,1000,10.158088,10.128,0.44416244836381263,10.088,10.116,10.14,10.108,10.1642,18.36,19
72048,9006,sequential,1000,10.156424,10.124,0.4624760927446525,10.088,10.116,10.136,10.108,10.16,18.456,27
72208,9026,sequential,1000,10.152784,10.124,0.40150829911504726,10.088,10.116,10.136,10.104,10.164,16.852,40
72376,9047,sequential,1000,10.163984,10.128,0.47644304351907346,10.092,10.116,10.14,10.108,10.168,19.112,27
72544,9068,sequential,1000,10.156508,10.124,0.46593636328433374,10.092,10.116,10.136,10.108,10.16,18.272,32
72712,9089,sequential,1000,10.216624,10.128,0.7687425887719451,10.092,10.116,10.144,10.108,10.556199999999999,26.44,76
72880,9110,sequential,1000,10.159991999999999,10.124,0.503628443940119,10.092,10.116,10.136,10.108,10.164,18.848,42
73048,9131,sequential,1000,10.15992,10.128,0.47098113000928693,10.092,10.116,10.14,10.108,10.168,18.98,21
73216,9152,sequential,1000,10.16182,10.124,0.5612847835174299,10.096,10.116,10.136,10.108,10.16,22.34,33
73392,9174,sequential,1000,10.22606,10.124,0.921024383126915,10.092,10.116,10.14,10.108,10.536599999999998,27.88,74
73560,9195,sequential,1000,10.156348,10.128,0.4277789449256727,10.092,10.116,10.14,10.108,10.164,17.364,11
73728,9216,sequential,1000,10.154424,10.124,0.41506672790361393,10.088,10.116,10.14,10.108,10.16,17.312,11
73896,9237,sequential,1000,10.155607999999999,10.124,0.41666014449670125,10.088,10.116,10.14,10.108,10.164,17.176,18
74072,9259,sequential,1000,10.164795999999999,10.124,0.5078907829754655,10.092,10.116,10.14,10.108,10.164,18.72,22
74240,9280,sequential,1000,10.15538,10.124,0.45961942693669683,10.096,10.116,10.133,10.108,10.16,18.368,62
74416,9302,sequential,1000,10.156228,10.124,0.4602377894511041,10.092,10.116,10.136,10.108,10.16,19.072,37
74584,9323,sequential,1000,10.158524,10.128,0.45694033734820994,10.092,10.116,10.14,10.108,10.164,18.192,20
74760,9345,sequential,1000,10.158772,10.128,0.44376975969033267,10.092,10.116,10.144,10.108,10.168,18.508,11
74928,9366,sequential,1000,10.155032,10.124,0.41765830703750817,10.092,10.116,10.14,10.108,10.164,17.96,21
75104,9388,sequential,1000,10.216175999999999,10.124,1.0174561464918446,10.092,10.116,10.14,10.108,10.1802,34.556,52
75280,9410,sequential,1000,10.166832,10.124,0.5434191201237919,10.092,10.116,10.14,10.108,10.164,19.728,13
75448,9431,sequential,1000,10.171156,10.128,0.6626241456681324,10.092,10.116,10.14,10.108,10.168,26.708,19
75624,9453,sequential,1000,10.15654,10.128,0.4216419741372464,10.088,10.116,10.14,10.108,10.168,17.904,21
75800,9475,sequential,1000,10.158012,10.128,0.44220168043799,10.092,10.116,10.14,10.108,10.164,17.932,12
75976,9497,sequential,1000,10.224968,10.128,0.7536034641355871,10.088,10.116,10.148,10.104,10.56,27.468,88
76152,9519,sequential,1000,10.163272,10.124,0.5331297640925343,10.088,10.116,10.14,10.108,10.164,20.48,21
76328,9541,sequential,1000,10.160548,10.128,0.4898046715909438,10.092,10.116,10.14,10.108,10.164,18.992,17
76504,9563,sequential,1000,10.159544,10.128,0.47415377027063904,10.088,10.116,10.14,10.108,10.168,18.76,19
76680,9585,sequential,1000,10.157016,10.124,0.4453435017810169,10.088,10.116,10.14,10.108,10.164,18.848,19
76856,9607,sequential,1000,10.150176,10.128,0.37642316536502296,10.088,10.116,10.14,10.108,10.164,17.708,17
77040,9630,sequential,1000,10.159908,10.124,0.4735429975266306,10.088,10.116,10.136,10.108,10.16,18.272,33
77216,9652,sequential,1000,10.15646,10.124,0.4792528013978089,10.088,10.116,10.136,10.108,10.156,19.292,24
77392,9674,sequential,1000,10.154224,10.124,0.43517129947169525,10.088,10.116,10.136,10.108,10.1602,17.456,34
77576,9697,sequential,1000,10.162787999999999,10.126000000000001,0.5616171586489224,10.092,10.116,10.14,10.108,10.164,23.38,16
77752,9719,sequential,1000,10.190432,10.124,1.3766172018016831,10.088,10.116,10.14,10.108,10.16,52.236,14
77936,9742,sequential,1000,10.154952,10.124,0.4606894316656814,10.088,10.116,10.136,10.104,10.1562,19.36,29
78112,9764,sequential,1000,10.160356,10.124,0.48460538548766013,10.092,10.116,10.132,10.104,10.16,18.892,75
78296,9787,sequential,1000,10.158012,10.128,0.4538883370152603,10.092,10.116,10.14,10.108,10.164,18.728,16
78472,9809,sequential,1000,10.162648,10.128,0.5426337397098263,10.092,10.116,10.136,10.108,10.164,22.864,49
78656,9832,sequential,1000,10.393744,10.136,1.1626065079623271,10.092,10.12,10.52,10.108,10.7768,27.656,39
78840,9855,sequential,1000,10.419632,10.172,0.9696710031915104,10.092,10.124,10.577,10.112,10.7682,29.4,8
79024,9878,sequential,1000,10.632864,10.468,1.2628183510274515,10.096,10.136,10.636,10.112,11.894399999999997,31.204,79
79200,9900,sequential,1000,10.67056,10.576,1.2143969096857312,10.208,10.508,10.665,10.4198,10.812,30.732,25
79384,9923,sequential,1000,10.434152,10.462,0.8425642405154609,10.092,10.128,10.592,10.112,10.796,26.032,7
79568,9946,sequential,1000,10.663584,10.572,0.954348724750252,10.38,10.52,10.64,10.456,10.804,27.14,44
79752,9969,sequential,1000,10.697736,10.596,1.3236623059542807,10.268,10.544,10.652,10.468,10.7842,32.724,52
79936,9992,sequential,1000,10.684652,10.592,1.2738268712010254,10.352,10.524,10.664,10.424,10.7722,30.772,17
80120,10015,sequential,1000,10.353684,10.144,0.7915424382656786,10.092,10.124,10.56,10.108,10.72,25.708,6
80312,10039,sequential,1000,10.675508,10.588,1.1578158573346176,10.244,10.528,10.673,10.432,10.796,31.356,17
80496,10062,sequential,1000,10.655467999999999,10.576,1.2317514622035732,10.104,10.515,10.656,10.132,10.8042,28.928,107
80680,10085,sequential,1000,10.645908,10.572,1.3338288536941114,10.096,10.499,10.664,10.124,10.828,32.692,154
80864,10108,sequential,1000,10.163084,10.124,0.5594007741951831,10.092,10.116,10.136,10.104,10.16,22.252,35
81056,10132,sequential,1000,10.160271999999999,10.124,0.5174016452220446,10.092,10.116,10.132,10.108,10.16,19.628,66
81240,10155,sequential,1000,10.501672,10.532,0.9868067693403891,10.1,10.136,10.64,10.112,10.7882,30.42,5
81432,10179,sequential,1000,10.531168,10.528,1.1095599555999986,10.096,10.14,10.62,10.112,10.8042,29.768,8
81616,10202,sequential,1000,10.156191999999999,10.124,0.46204333040871304,10.088,10.116,10.136,10.108,10.16,19.056,29
81808,10226,sequential,1000,10.292892,10.132,1.129443210746916,10.092,10.116,10.181,10.108,10.576,31.416,247
82000,10250,sequential,1000,10.499808,10.14,2.322631298179563,10.096,10.12,10.504,10.108,11.7488,78.452,106
82184,10273,sequential,1000,10.598476,10.488,1.0015276406765012,10.096,10.136,10.592,10.112,11.872399999999999,25.788,100
82376,10297,sequential,1000,10.513304,10.452,0.8648716520724671,10.288,10.42,10.492,10.372,10.552,26.3,19
82568,10321,sequential,1000,10.531772,10.46,0.9135460242124391,10.204,10.42,10.496,10.36,10.5682,26.396,41
82760,10345,sequential,1000,10.507496,10.452,0.7642006258703146,10.244,10.416,10.492,10.352,10.568,22.776,30
82952,10369,sequential,1000,10.509764,10.456,0.7904505173154891,10.284,10.42,10.492,10.368,10.564,24.004,27
83144,10393,sequential,1000,10.5128,10.456,0.7775557709752896,10.28,10.42,10.497,10.3758,10.568,23.504,26
83336,10417,sequential,1000,10.548056,10.466000000000001,0.9174434933157614,10.288,10.432,10.504,10.384,10.584,24.94,39
83528,10441,sequential,1000,10.420304,10.424,0.9270303883503092,10.088,10.136,10.496,10.112,10.6562,25.652,10
83720,10465,sequential,1000,10.508556,10.526,1.0706925054866618,10.096,10.132,10.676,10.112,10.82,30.732,4
83912,10489,sequential,1000,10.6336,10.552,1.1037893780024297,10.364,10.488,10.628,10.42,10.7602,33.836,19
84104,10513,sequential,1000,10.454088,10.454,0.9752098371542827,10.092,10.132,10.592,10.112,10.764399999999998,26.944,5
84304,10538,sequential,1000,10.17276,10.124,0.7010977567104779,10.088,10.116,10.136,10.108,10.16,22.2,35
84496,10562,sequential,1000,10.169424,10.124,0.6378103591807507,10.092,10.116,10.136,10.104,10.16,20.676,34
84696,10587,sequential,1000,10.167336,10.128,0.5443791948741353,10.092,10.116,10.14,10.108,10.164,20.804,19
84888,10611,sequential,1000,10.156512,10.124,0.4401422941448539,10.092,10.116,10.14,10.108,10.164,18.16,12
85088,10636,sequential,1000,10.152928,10.124,0.4327764159958838,10.092,10.116,10.132,10.108,10.156,18.38,66
85280,10660,sequential,1000,10.267712,10.124,1.3929645779313167,10.092,10.116,10.14,10.108,10.4842,34.704,105
85480,10685,sequential,1000,10.160196,10.124,0.4986739990628561,10.096,10.116,10.14,10.108,10.16,18.992,16
85680,10710,sequential,1000,10.1589,10.124,0.5118426837739629,10.092,10.116,10.136,10.108,10.16,20.28,33
85872,10734,sequential,1000,10.154624,10.124,0.4510301085102665,10.088,10.116,10.136,10.108,10.16,18.5,26
86072,10759,sequential,1000,10.159356,10.124,0.4873747956711092,10.092,10.116,10.14,10.108,10.164,20.224,14
86272,10784,sequential,1000,10.163772,10.12,0.5782270337147153,10.088,10.116,10.132,10.104,10.156,21.688,69
86472,10809,sequential,1000,10.153696,10.124,0.4117737937766817,10.088,10.116,10.136,10.108,10.16,17.456,31
86672,10834,sequential,1000,10.155175999999999,10.124,0.45772795840751074,10.088,10.116,10.136,10.104,10.16,18.072,27
86872,10859,sequential,1000,10.157268,10.124,0.4605327725695649,10.088,10.116,10.136,10.108,10.168,19.272,56
87072,10884,sequential,1000,10.170296,10.124,0.5140846656217509,10.088,10.116,10.136,10.108,10.168,20.34,54
87272,10909,sequential,1000,10.15996,10.124,0.49049415788459594,10.096,10.116,10.14,10.108,10.1642,19.32,19
87480,10935,sequential,1000,10.157916,10.124,0.4508414032838099,10.092,10.116,10.14,10.108,10.168,18.848,20
87680,10960,sequential,1000,10.162632,10.124,0.5009106747515769,10.096,10.116,10.136,10.108,10.16,18.18,30
87880,10985,sequential,1000,10.157716,10.124,0.44595215064473526,10.092,10.116,10.14,10.108,10.164,17.848,22
88088,11011,sequential,1000,10.160356,10.124,0.490581156522685,10.088,10.116,10.14,10.108,10.164,18.596,16
88288,11036,sequential,1000,10.155716,10.124,0.46742561980924197,10.092,10.116,10.136,10.108,10.1562,19.244,25
88496,11062,sequential,1000,10.156364,10.124,0.4624607155396201,10.096,10.116,10.136,10.108,10.16,18.976,37
88696,11087,sequential,1000,10.157551999999999,10.124,0.454218486776716,10.096,10.116,10.14,10.108,10.164,18.276,22
88904,11113,sequential,1000,10.166924,10.128,0.5055703111967351,10.096,10.116,10.14,10.108,10.168199999999999,19.664,34
89112,11139,sequential,1000,10.154672,10.124,0.4059000261730063,10.092,10.116,10.14,10.108,10.164,17.56,16
89312,11164,sequential,1000,10.152099999999999,10.124,0.4192870133924966,10.092,10.116,10.132,10.108,10.156,17.012,56
89520,11190,sequential,1000,10.154424,10.124,0.44041710622028685,10.092,10.116,10.136,10.108,10.16,18.528,37
89728,11216,sequential,1000,10.155528,10.124,0.468840207700189,10.092,10.116,10.132,10.104,10.16,18.288,68
89936,11242,sequential,1000,10.154264,10.124,0.4364581010566512,10.092,10.116,10.136,10.108,10.16,18.764,35
90144,11268,sequential,1000,10.153264,10.124,0.4456910351384722,10.096,10.116,10.132,10.108,10.1562,18.364,67
90352,11294,sequential,1000,10.163892,10.124,0.5620990871009485,10.092,10.116,10.136,10.108,10.16,20.352,34
90560,11320,sequential,1000,10.15614,10.124,0.4728557718596454,10.092,10.116,10.132,10.108,10.156,18.084,59
90768,11346,sequential,1000,10.1578,10.124,0.4736323633532823,10.096,10.116,10.132,10.104,10.16,18.752,73
90984,11373,sequential,1000,10.164083999999999,10.124,0.49247584855036836,10.092,10.116,10.136,10.108,10.164,19.112,48
91192,11399,sequential,1000,10.162912,10.124,0.49443422359041594,10.092,10.116,10.14,10.108,10.164,18.84,19
91400,11425,sequential,1000,10.163724,10.124,0.6218635977110721,10.092,10.116,10.136,10.108,10.164,26.372,41
91616,11452,sequential,1000,10.154704,10.12,0.46214781725005366,10.096,10.116,10.132,10.108,10.156,18.892,71
91824,11478,sequential,1000,10.156948,10.124,0.49518446355772205,10.092,10.116,10.136,10.108,10.16,20.86,27
92040,11505,sequential,1000,10.15472,10.124,0.4248849359636192,10.088,10.116,10.136,10.104,10.16,17.912,36
92248,11531,sequential,1000,10.15588,10.124,0.43472515865034034,10.088,10.116,10.14,10.108,10.164,17.308,14
92464,11558,sequential,1000,10.15938,10.124,0.4635354233375144,10.088,10.116,10.136,10.104,10.164,19.124,37
92680,11585,sequential,1000,10.154932,10.124,0.43088864036592606,10.088,10.116,10.136,10.108,10.16,18.12,35
92896,11612,sequential,1000,10.237784,10.128,0.5740606474676443,10.092,10.116,10.164,10.108,10.5002,21.096,232
93104,11638,sequential,1000,10.415616,10.424,0.8252066423306023,10.088,10.135,10.484,10.112,10.572199999999999,24.848,16
93320,11665,sequential,1000,10.397124,10.26,0.8367779382500127,10.084,10.124,10.496,10.112,10.7762,24.452,32
93536,11692,sequential,1000,10.252692,10.124,1.3602823063941871,10.088,10.116,10.136,10.104,10.320599999999999,35.0,85
93752,11719,sequential,1000,10.404656,10.132,1.0465779737406664,10.088,10.12,10.156,10.108,11.8202,26.232,193
93976,11747,sequential,1000,10.170492,10.124,0.7471906020097762,10.092,10.116,10.136,10.104,10.1602,30.016,38
94192,11774,sequential,1000,10.162392,10.124,0.5119281793345594,10.092,10.116,10.136,10.104,10.16,19.604,33
94408,11801,sequential,1000,10.154148,10.124,0.40784865651687835,10.092,10.116,10.136,10.108,10.164,17.232,42
94624,11828,sequential,1000,10.157712,10.12,0.467306653670333,10.088,10.116,10.132,10.108,10.156,18.736,70
94848,11856,sequential,1000,10.156284,10.124,0.48546924076374576,10.088,10.116,10.132,10.108,10.156,19.292,59
95064,11883,sequential,1000,10.157808,10.124,0.4843213833172539,10.088,10.116,10.136,10.108,10.164,18.404,47
95288,11911,sequential,1000,10.157996,10.124,0.4702826530478854,10.088,10.116,10.14,10.104,10.164,18.132,13
95504,11938,sequential,1000,10.1616,10.124,0.5030046895583755,10.088,10.116,10.136,10.108,10.16,18.14,29
95728,11966,sequential,1000,10.151796,10.124,0.40345285299349243,10.092,10.116,10.136,10.104,10.16,17.42,26
95944,11993,sequential,1000,10.147864,10.124,0.3600295137273537,10.092,10.116,10.136,10.108,10.164,17.168,38
96168,12021,sequential,1000,10.156,10.124,0.4433193928581109,10.092,10.116,10.136,10.108,10.164,18.172,46
96392,12049,sequential,1000,10.15792,10.124,0.4806436392046689,10.088,10.116,10.136,10.108,10.164,19.668,39
96616,12077,sequential,1000,10.165443999999999,10.124,0.5985977164090172,10.088,10.116,10.14,10.108,10.164,21.576,15
96840,12105,sequential,1000,10.155744,10.124,0.4347443675645829,10.088,10.116,10.136,10.104,10.164,17.98,36
97064,12133,sequential,1000,10.153216,10.124,0.40310191825455327,10.092,10.116,10.136,10.108,10.1602,17.036,40
97288,12161,sequential,1000,10.1708,10.124,0.5293882619891869,10.092,10.116,10.136,10.108,10.172,21.204,63
97512,12189,sequential,1000,10.155228,10.124,0.44140356265114256,10.092,10.116,10.136,10.108,10.16,18.176,36
97736,12217,sequential,1000,10.155348,10.124,0.43752549120188583,10.088,10.116,10.136,10.108,10.164,18.12,35
97960,12245,sequential,1000,10.155607999999999,10.124,0.4405919468165522,10.088,10.116,10.136,10.108,10.164,18.24,42
98192,12274,sequential,1000,10.16526,10.124,0.5648214830437204,10.088,10.116,10.132,10.104,10.16,19.364,68
98416,12302,sequential,1000,10.151636,10.12,0.42221432050137336,10.088,10.115,10.132,10.104,10.156,17.548,49
98648,12331,sequential,1000,10.152916,10.124,0.405320541899477,10.088,10.116,10.136,10.104,10.16,17.216,32
98872,12359,sequential,1000,10.158771999999999,10.124,0.49563990853737244,10.088,10.116,10.136,10.108,10.164,18.692,48
99104,12388,sequential,1000,10.159156,10.12,0.502401782655292,10.092,10.116,10.132,10.108,10.16,18.692,65
99328,12416,sequential,1000,10.162124,10.124,0.5900975171136579,10.092,10.116,10.136,10.108,10.156,23.44,22
99560,12445,sequential,1000,10.158528,10.124,0.48280496046110155,10.092,10.116,10.14,10.108,10.164,19.772,14
99792,12474,sequential,1000,10.155304,10.124,0.45409502736528384,10.088,10.116,10.136,10.104,10.16,18.124,28
100024,12503,sequential,1000,10.156008,10.124,0.43532561184052143,10.092,10.116,10.136,10.108,10.164,17.384,40
100256,12532,sequential,1000,10.161856,10.124,0.49711445568002355,10.092,10.116,10.132,10.104,10.16,18.628,74
100488,12561,sequential,1000,10.14756,10.124,0.3646273597956022,10.096,10.116,10.136,10.104,10.164,17.524,40
100720,12590,sequential,1000,10.163908,10.124,0.5085242456800309,10.088,10.116,10.136,10.104,10.16,21.336,35
100952,12619,sequential,1000,10.154096,10.128,0.40160748917239997,10.088,10.116,10.136,10.108,10.1602,17.228,36
101184,12648,sequential,1000,10.151532,10.124,0.4142045513829929,10.096,10.116,10.132,10.104,10.156,17.112,62
101416,12677,sequential,1000,10.156636,10.124,0.4590070271302554,10.092,10.116,10.136,10.108,10.16,18.648,30
101656,12707,sequential,1000,10.154895999999999,10.124,0.4214974368525547,10.096,10.116,10.136,10.108,10.164,17.472,33
101888,12736,sequential,1000,10.153944,10.124,0.4539329686242276,10.096,10.116,10.132,10.108,10.156,18.332,52
102120,12765,sequential,1000,10.158784,10.124,0.5144961298315194,10.092,10.116,10.136,10.108,10.16,21.624,37
102360,12795,sequential,1000,10.164812,10.124,0.5086833232762593,10.096,10.116,10.136,10.108,10.164,19.612,45
102600,12825,sequential,1000,10.1562,10.124,0.4601077212078875,10.088,10.116,10.136,10.108,10.16,17.984,31
102832,12854,sequential,1000,10.153516,10.12,0.45176129760528844,10.088,10.112,10.132,10.104,10.156,17.836,33
103072,12884,sequential,1000,10.150516,10.12,0.4208717842797291,10.088,10.116,10.132,10.108,10.156,18.48,53
103312,12914,sequential,1000,10.160064,10.124,0.48847827272758704,10.092,10.116,10.132,10.104,10.16,18.584,81
103552,12944,sequential,1000,10.1547,10.12,0.47094018160978224,10.088,10.112,10.132,10.104,10.16,18.316,36
103792,12974,sequential,1000,10.161796,10.12,0.5438476115683588,10.088,10.116,10.132,10.104,10.16,20.528,82
104032,13004,sequential,1000,10.15428,10.12,0.47870086287379526,10.096,10.116,10.132,10.108,10.152,20.112,48
104272,13034,sequential,1000,10.156228,10.124,0.49530542848174347,10.088,10.116,10.132,10.104,10.16,20.596,82
104512,13064,sequential,1000,10.151336,10.12,0.41856739214344657,10.088,10.116,10.132,10.104,10.156,17.432,58
104752,13094,sequential,1000,10.151848,10.12,0.42112703650665423,10.088,10.116,10.132,10.104,10.16,17.192,78
104992,13124,sequential,1000,10.156956,10.12,0.5494536134537086,10.096,10.116,10.132,10.104,10.156,23.092,52
105240,13155,sequential,1000,10.15806,10.124,0.4755157869762724,10.092,10.116,10.136,10.108,10.164,18.056,41
105480,13185,sequential,1000,10.159168,10.124,0.5147211649559922,10.088,10.116,10.136,10.108,10.16,20.34,26
105728,13216,sequential,1000,10.15334,10.12,0.45722955204499116,10.088,10.116,10.132,10.104,10.152199999999999,18.392,52
105968,13246,sequential,1000,10.143608,10.12,0.35259305750425685,10.092,10.116,10.132,10.108,10.156,16.656,60
106216,13277,sequential,1000,10.155912,10.124,0.4595497385683276,10.088,10.116,10.136,10.108,10.164,18.54,39
106464,13308,sequential,1000,10.153144,10.124,0.44761931852671233,10.088,10.112,10.132,10.108,10.156,18.664,29
106704,13338,sequential,1000,10.17268,10.124,0.5350143642650821,10.088,10.116,10.132,10.104,10.164,20.464,92
106952,13369,sequential,1000,10.152208,10.124,0.4102731880403895,10.092,10.116,10.136,10.107800000000001,10.156,17.308,22
107200,13400,sequential,1000,10.149976,10.12,0.4164033996201462,10.092,10.112,10.132,10.104,10.156,17.304,39
107448,13431,sequential,1000,10.156756,10.124,0.4607623621981492,10.092,10.116,10.136,10.108,10.164,17.708,40
107696,13462,sequential,1000,10.152588,10.12,0.4343426893914848,10.092,10.116,10.132,10.104,10.16,18.124,71
107944,13493,sequential,1000,10.16612,10.124,0.5872008365307584,10.092,10.116,10.136,10.107800000000001,10.16,23.1,38
108192,13524,sequential,1000,10.155324,10.12,0.48875978266337455,10.092,10.116,10.132,10.108,10.156,18.432,65
108448,13556,sequential,1000,10.154808,10.12,0.4781933500332433,10.088,10.116,10.132,10.108,10.156,18.188,57
108696,13587,sequential,1000,10.241524,10.124,2.7410333959113853,10.092,10.116,10.14,10.108,10.164,95.604,21
108952,13619,sequential,1000,10.154588,10.124,0.4177429106464829,10.092,10.116,10.136,10.108,10.16,17.512,33
109200,13650,sequential,1000,10.153252,10.12,0.4395762639039872,10.088,10.116,10.136,10.108,10.16,18.756,34
109456,13682,sequential,1000,10.152248,10.12,0.4203468543643142,10.092,10.116,10.132,10.108,10.16,17.22,75
109704,13713,sequential,1000,10.154824,10.124,0.43640731016375567,10.096,10.116,10.136,10.108,10.164,18.824,35
109960,13745,sequential,1000,10.162732,10.124,0.4754528784386689,10.092,10.116,10.136,10.108,10.16,19.46,36
110216,13777,sequential,1000,10.163536,10.124,0.518400968622039,10.092,10.116,10.136,10.108,10.16,20.092,31
110472,13809,sequential,1000,10.190724,10.124,0.5930370382638447,10.088,10.116,10.14,10.108,10.3522,25.344,82
110728,13841,sequential,1000,10.169948,10.124,0.6463182347393245,10.088,10.116,10.136,10.104,10.16,21.604,32
110984,13873,sequential,1000,10.170376,10.124,0.6185700603355642,10.092,10.116,10.136,10.108,10.164,22.04,44
111240,13905,sequential,1000,10.182984,10.124,0.6008745242876735,10.092,10.116,10.136,10.104,10.168,19.232,53
111496,13937,sequential,1000,10.155276,10.124,0.44237419765935126,10.092,10.116,10.136,10.104,10.164,17.672,38
111752,13969,sequential,1000,10.155476,10.124,0.44530757939233895,10.088,10.116,10.136,10.108,10.16,17.396,30
112008,14001,sequential,1000,10.157048,10.124,0.47196968661247835,10.096,10.116,10.136,10.108,10.16,18.348,24
112272,14034,sequential,1000,10.154268,10.12,0.4715725233946745,10.088,10.112,10.132,10.104,10.16,18.432,36
112528,14066,sequential,1000,10.158216,10.12,0.4489772532299581,10.092,10.116,10.136,10.104,10.16,18.208,37
112792,14099,sequential,1000,10.153292,10.124,0.4116565946124122,10.092,10.116,10.136,10.108,10.164,17.168,36
113048,14131,sequential,1000,10.147376,10.124,0.3691778092990949,10.092,10.116,10.136,10.108,10.16,17.076,36
113312,14164,sequential,1000,10.155972,10.12,0.5058707348882879,10.092,10.116,10.132,10.108,10.156,20.54,62
113576,14197,sequential,1000,10.163816,10.124,0.5223213586918936,10.088,10.116,10.136,10.108,10.16,18.372,27
113840,14230,sequential,1000,10.15798,10.124,0.48123917415640927,10.088,10.116,10.132,10.104,10.156,19.26,66
114104,14263,sequential,1000,10.155668,10.124,0.4510718386017682,10.092,10.116,10.136,10.108,10.16,18.14,34
114368,14296,sequential,1000,10.15568,10.124,0.5022826868382957,10.096,10.116,10.132,10.108,10.156,20.836,52
114632,14329,sequential,1000,10.154276,10.124,0.4209489872584015,10.092,10.116,10.136,10.108,10.164,17.924,39
114896,14362,sequential,1000,10.15212,10.124,0.4296607242207949,10.088,10.116,10.132,10.104,10.16,17.692,69
115160,14395,sequential,1000,10.15932,10.124,0.4869787160337399,10.092,10.116,10.14,10.108,10.1642,19.22,21
115424,14428,sequential,1000,10.152448,10.12,0.450824811103278,10.092,10.116,10.132,10.104,10.156,18.848,60
115696,14462,sequential,1000,10.155164,10.124,0.4604241299969882,10.092,10.116,10.132,10.108,10.16,17.88,75
115960,14495,sequential,1000,10.15544,10.124,0.4294480364561189,10.092,10.116,10.136,10.108,10.168,17.604,54
116232,14529,sequential,1000,10.157204,10.124,0.44341577772552915,10.088,10.116,10.14,10.104,10.168,18.048,24
116496,14562,sequential,1000,10.154204,10.124,0.44686115435924306,10.088,10.116,10.136,10.108,10.16,18.872,28
116768,14596,sequential,1000,10.243916,10.124,1.3265993950318606,10.088,10.116,10.132,10.108,10.184199999999999,36.632,107
117040,14630,sequential,1000,10.151232,10.12,0.40700758881543386,10.088,10.116,10.132,10.104,10.16,16.932,74
117312,14664,sequential,1000,10.15276,10.12,0.4545312542180802,10.088,10.116,10.132,10.104,10.156,19.156,59
117584,14698,sequential,1000,10.152379999999999,10.12,0.4426011380095711,10.088,10.112,10.132,10.104,10.16,18.372,45
117856,14732,sequential,1000,10.151064,10.12,0.4193853024796362,10.092,10.112,10.132,10.107800000000001,10.156,17.576,31
118128,14766,sequential,1000,10.154952,10.12,0.4811176403748671,10.088,10.112,10.132,10.104,10.16,18.536,42
118400,14800,sequential,1000,10.16096,10.124,0.5656192885497979,10.096,10.116,10.132,10.104,10.16,21.3,76
118672,14834,sequential,1000,10.154984,10.12,0.4763930457910548,10.092,10.116,10.132,10.104,10.1562,18.816,60
118944,14868,sequential,1000,10.150464,10.12,0.4251115530499454,10.092,10.116,10.132,10.104,10.152,17.828,45
119224,14903,sequential,1000,10.156656,10.124,0.47510232569824773,10.092,10.116,10.136,10.108,10.16,19.112,29
119496,14937,sequential,1000,10.190695999999999,10.124,0.6582404880620183,10.096,10.116,10.14,10.108,10.3322,24.016,99
119776,14972,sequential,1000,10.1586,10.12,0.5441523295528171,10.092,10.116,10.132,10.104,10.156,20.204,52
120048,15006,sequential,1000,10.153319999999999,10.12,0.44728659593028147,10.092,10.116,10.132,10.104,10.16,17.928,74
120328,15041,sequential,1000,10.155916,10.124,0.45489641424360744,10.096,10.116,10.136,10.104,10.16,17.704,35
120608,15076,sequential,1000,10.152988,10.12,0.4610369300901034,10.092,10.116,10.132,10.104,10.156,18.476,53
120888,15111,sequential,1000,10.158324,10.124,0.49119040201843833,10.096,10.116,10.136,10.108,10.16,20.832,34
121168,15146,sequential,1000,10.152804,10.124,0.4259007878192585,10.088,10.116,10.132,10.107800000000001,10.16,17.092,79
121448,15181,sequential,1000,10.16196,10.124,0.5050056208371122,10.096,10.116,10.136,10.108,10.164,19.024,44
121728,15216,sequential,1000,10.349028,10.128,1.403010296864962,10.092,10.116,10.428,10.104,10.668199999999999,48.676,41
122008,15251,sequential,1000,10.557344,10.496,0.8199306213868878,10.096,10.456,10.54,10.38,10.672,24.308,73
122288,15286,sequential,1000,10.301756,10.128,0.7947852087149031,10.088,10.116,10.164,10.108,10.6564,24.196,228
122576,15322,sequential,1000,10.172088,10.12,0.71388608166401,10.092,10.116,10.132,10.104,10.16,23.912,71
122856,15357,sequential,1000,10.183092,10.124,0.7363001245480061,10.096,10.116,10.14,10.104,10.168,23.744,33
123144,15393,sequential,1000,10.175836,10.124,0.7259319350175182,10.088,10.116,10.136,10.108,10.16,23.408,43
123424,15428,sequential,1000,10.168384,10.12,0.6359335122290506,10.092,10.116,10.132,10.104,10.16,21.208,63
123712,15464,sequential,1000,10.170208,10.124,0.440230229983575,10.096,10.116,10.132,10.108,10.1762,18.696,88
124000,15500,sequential,1000,10.161432,10.124,0.602508042533307,10.104,10.116,10.132,10.108,10.156,24.252,52
124288,15536,sequential,1000,10.15572,10.12,0.4893091794285829,10.092,10.116,10.132,10.108,10.156,20.056,63
124576,15572,sequential,1000,10.156827999999999,10.12,0.47721873825337174,10.092,10.116,10.132,10.108,10.156,18.18,57
124864,15608,sequential,1000,10.150568,10.12,0.41105499825155706,10.092,10.116,10.132,10.108,10.156,17.084,52
125152,15644,sequential,1000,10.180272,10.12,1.1581408551019414,10.088,10.116,10.132,10.104,10.156,44.66,68
125440,15680,sequential,1000,10.163283999999999,10.124,0.5443805852210065,10.092,10.116,10.132,10.104,10.156,18.356,56
125728,15716,sequential,1000,10.150292,10.12,0.4170471280839169,10.092,10.116,10.132,10.104,10.156,16.996,55
126024,15753,sequential,1000,10.162208,10.124,0.5661037769015697,10.088,10.116,10.136,10.104,10.16,21.016,32
126312,15789,sequential,1000,10.167604,10.124,0.5655229609869111,10.092,10.116,10.136,10.108,10.16,22.136,41
126600,15825,sequential,1000,10.153968,10.124,0.4390673149792445,10.096,10.116,10.136,10.104,10.16,17.652,28
126896,15862,sequential,1000,10.155088,10.12,0.4912741704655015,10.088,10.112,10.132,10.107800000000001,10.156,19.276,30
127192,15899,sequential,1000,10.158776,10.124,0.511483698075899,10.096,10.116,10.136,10.108,10.16,18.772,30
127488,15936,sequential,1000,10.165856,10.12,0.6197577970392878,10.092,10.116,10.128,10.104,10.152,22.448,91
127776,15972,sequential,1000,10.15026,10.12,0.42558477275250206,10.092,10.112,10.128,10.104,10.156,17.396,54
128072,16009,sequential,1000,10.156676,10.124,0.46304538227915637,10.092,10.116,10.136,10.108,10.16,18.324,30
128368,16046,sequential,1000,10.162748,10.12,0.5781709315783025,10.088,10.112,10.132,10.104,10.16,21.892,40
128672,16084,sequential,1000,10.182112,10.12,1.213884884150045,10.088,10.112,10.132,10.104,10.152,46.2,21
128968,16121,sequential,1000,10.157308,10.124,0.49131606182640586,10.088,10.116,10.136,10.104,10.16,18.664,30
129264,16158,sequential,1000,10.154856,10.12,0.49286198087922767,10.092,10.116,10.132,10.104,10.152199999999999,19.488,50
129560,16195,sequential,1000,10.153708,10.124,0.4261443625741795,10.092,10.116,10.136,10.108,10.1562,17.368,26
129864,16233,sequential,1000,10.153344,10.124,0.42679178165574944,10.092,10.116,10.132,10.104,10.16,17.572,74
130160,16270,sequential,1000,10.153512,10.12,0.4653363297183616,10.088,10.116,10.132,10.104,10.156,18.412,58
130464,16308,sequential,1000,10.157788,10.12,0.515116472301203,10.096,10.112,10.128,10.108,10.156,20.7,54
130768,16346,sequential,1000,10.160236,10.12,0.46989911841318177,10.092,10.116,10.132,10.104,10.156,18.548,60
131072,16384,sequential,1000,10.160008,10.12,0.5876128868913962,10.088,10.116,10.132,10.104,10.152,22.932,49
131368,16421,sequential,1000,10.16602,10.124,0.6092227835529462,10.088,10.116,10.136,10.108,10.16,20.092,32
131672,16459,sequential,1000,10.167016,10.124,0.6512717302406198,10.092,10.116,10.132,10.108,10.16,24.692,65
131984,16498,sequential,1000,10.209384,10.124,0.8729699015389896,10.1,10.116,10.132,10.108,10.192,26.1,105
132288,16536,sequential,1000,10.159267999999999,10.124,0.5602155957215843,10.088,10.116,10.132,10.108,10.152,20.58,46
132592,16574,sequential,1000,10.260596,10.124,1.472023418879513,10.092,10.116,10.136,10.108,10.388,34.812,84
132896,16612,sequential,1000,10.199436,10.12,0.7678633420186277,10.088,10.116,10.132,10.108,10.2248,26.232,95
133208,16651,sequential,1000,10.169084,10.124,0.6853675405281532,10.088,10.116,10.136,10.104,10.16,26.132,30
133512,16689,sequential,1000,10.1784,10.124,0.7164803305493208,10.096,10.116,10.136,10.108,10.164,23.948,39
133824,16728,sequential,1000,10.161192,10.12,0.5585894031014706,10.088,10.116,10.128,10.104,10.152,20.2,96
134136,16767,sequential,1000,10.169136,10.124,0.6699780265501698,10.092,10.116,10.136,10.108,10.16,25.232,31
134440,16805,sequential,1000,10.160843999999999,10.124,0.5326322490957309,10.092,10.116,10.136,10.104,10.16,20.332,40
134752,16844,sequential,1000,10.162215999999999,10.12,0.6340915844588079,10.092,10.112,10.128,10.104,10.144,23.776,13
135064,16883,sequential,1000,10.168528,10.124,0.6933854054827925,10.088,10.116,10.132,10.104,10.16,25.432,65
135376,16922,sequential,1000,10.180704,10.124,0.6811423134964053,10.092,10.116,10.132,10.104,10.164,23.556,75
135688,16961,sequential,1000,10.18876,10.124,0.8938370674251003,10.088,10.116,10.132,10.104,10.16,29.64,77
136008,17001,sequential,1000,10.160884,10.124,0.5435920887052191,10.088,10.116,10.136,10.104,10.156,20.612,24
136320,17040,sequential,1000,10.198332,10.124,0.7503212697130368,10.088,10.116,10.132,10.108,10.200599999999998,24.58,108
136632,17079,sequential,1000,10.222488,10.124,0.75753293393885,10.088,10.116,10.14,10.108,10.565199999999999,26.86,94
136952,17119,sequential,1000,10.171916,10.124,0.7287148758700581,10.092,10.116,10.136,10.108,10.16,27.496,33
137264,17158,sequential,1000,10.179396,10.12,0.7731418857878285,10.088,10.112,10.132,10.104,10.156,25.396,32
137584,17198,sequential,1000,10.162616,10.12,0.6115804994040043,10.092,10.116,10.132,10.108,10.156,21.86,54
137904,17238,sequential,1000,10.166852,10.12,0.6268301445576195,10.088,10.116,10.132,10.104,10.156,21.42,59
138224,17278,sequential,1000,10.1649,10.12,0.6578568458484183,10.096,10.115,10.132,10.104,10.156,23.844,39
138544,17318,sequential,1000,10.162279999999999,10.12,0.6050371290487284,10.092,10.116,10.132,10.104,10.156,21.872,52
138864,17358,sequential,1000,10.217648,10.12,0.8908841533390695,10.088,10.112,10.136,10.104,10.288,25.524,64
139184,17398,sequential,1000,10.164363999999999,10.12,0.6401797385122412,10.092,10.112,10.132,10.104,10.152,21.932,28
139504,17438,sequential,1000,10.168912,10.12,0.6857558438200387,10.088,10.116,10.132,10.104,10.152,24.376,50
139832,17479,sequential,1000,10.162352,10.124,0.5676407703293873,10.092,10.116,10.136,10.108,10.156,22.236,27
140152,17519,sequential,1000,10.163268,10.124,0.5789296189345297,10.092,10.116,10.136,10.107800000000001,10.164,22.416,38
140472,17559,sequential,1000,10.180652,10.124,0.7273830386948688,10.088,10.116,10.136,10.108,10.16,22.544,35
140800,17600,sequential,1000,10.161288,10.12,0.5792622046687992,10.092,10.112,10.128,10.104,10.156,21.092,53
141128,17641,sequential,1000,10.168704,10.124,0.6386717576329785,10.092,10.116,10.136,10.107800000000001,10.16,23.664,35
141456,17682,sequential,1000,10.159956,10.12,0.5371066650430187,10.092,10.116,10.132,10.104,10.156,19.824,63
141784,17723,sequential,1000,10.158864,10.124,0.5756939925664303,10.088,10.116,10.136,10.108,10.156,22.832,28
142112,17764,sequential,1000,10.166587999999999,10.12,0.7311302576899069,10.092,10.116,10.128,10.108,10.152,28.672,76
142440,17805,sequential,1000,10.181708,10.124,0.6452543156522611,10.092,10.116,10.136,10.104,10.1722,21.384,59
142768,17846,sequential,1000,10.170804,10.12,0.6712099555194249,10.088,10.116,10.132,10.104,10.156,23.04,58
143096,17887,sequential,1000,10.161859999999999,10.124,0.5310201001343986,10.092,10.116,10.132,10.104,10.16,19.796,61
143424,17928,sequential,1000,10.16596,10.12,0.6573016444919728,10.096,10.116,10.128,10.104,10.152,23.34,86
143760,17970,sequential,1000,10.159824,10.12,0.5876910802707744,10.088,10.112,10.132,10.104,10.152,21.0,24
144096,18012,sequential,1000,10.160896,10.12,0.599143303293863,10.096,10.112,10.128,10.108,10.152,22.224,44
144424,18053,sequential,1000,10.18364,10.124,0.8161488205574381,10.088,10.116,10.136,10.108,10.16,26.764,31
144760,18095,sequential,1000,10.219628,10.124,1.0694068134010315,10.096,10.116,10.136,10.107800000000001,10.176,34.376,65
145096,18137,sequential,1000,10.403556,10.124,1.1288297353611108,10.088,10.116,10.144,10.108,11.932,24.804,145
145432,18179,sequential,1000,10.15668,10.124,0.5230395969905338,10.084,10.116,10.136,10.108,10.16,19.896,37
145768,18221,sequential,1000,10.1693,10.124,0.656598757178178,10.092,10.116,10.136,10.108,10.16,23.508,36
146104,18263,sequential,1000,10.161052,10.124,0.5600453839896622,10.092,10.116,10.136,10.104,10.156,20.696,29
146440,18305,sequential,1000,10.162355999999999,10.124,0.591631057816079,10.088,10.116,10.132,10.104,10.16,22.652,61
146784,18348,sequential,1000,10.16786,10.12,0.6269448207045084,10.088,10.112,10.128,10.104,10.152,21.148,48
147120,18390,sequential,1000,10.16172,10.12,0.6179947047144134,10.092,10.116,10.132,10.104,10.152199999999999,24.012,50
147464,18433,sequential,1000,10.175872,10.124,0.7010551404318536,10.088,10.116,10.132,10.104,10.156,23.192,56
147800,18475,sequential,1000,10.160684,10.124,0.5245929716741637,10.088,10.116,10.132,10.107800000000001,10.156,19.68,64
148144,18518,sequential,1000,10.165011999999999,10.12,0.6402140406722379,10.092,10.112,10.132,10.104,10.152,24.324,30
148488,18561,sequential,1000,10.161432,10.124,0.5250029575930801,10.096,10.116,10.132,10.108,10.16,19.312,75
148832,18604,sequential,1000,10.171548,10.12,0.7094814610965107,10.088,10.116,10.128,10.104,10.156,22.428,110
149176,18647,sequential,1000,10.164728,10.124,0.5977820986391725,10.088,10.116,10.136,10.108,10.16,22.676,38
149520,18690,sequential,1000,10.163584,10.12,0.6461613726179115,10.092,10.112,10.132,10.104,10.156,24.088,31
149864,18733,sequential,1000,10.186748,10.124,0.840897990202097,10.088,10.116,10.132,10.104,10.16,25.732,73
150208,18776,sequential,1000,10.158652,10.12,0.5322094679858803,10.088,10.112,10.128,10.104,10.152,20.56,42
150560,18820,sequential,1000,10.1663,10.12,0.6851686552127776,10.092,10.112,10.128,10.104,10.152,25.424,41
150904,18863,sequential,1000,10.161024,10.124,0.5388583559264455,10.092,10.116,10.136,10.104,10.156,20.072,31
151256,18907,sequential,1000,10.17128,10.124,0.7268128084028641,10.088,10.116,10.136,10.108,10.156,25.116,28
151608,18951,sequential,1000,10.175991999999999,10.124,0.6945388687295883,10.088,10.116,10.136,10.108,10.164,23.724,49
151960,18995,sequential,1000,10.167796,10.124,0.6309003039923008,10.092,10.116,10.132,10.108,10.16,23.34,69
152312,19039,sequential,1000,10.161148,10.124,0.5420967210295141,10.088,10.116,10.136,10.104,10.16,20.548,26
152664,19083,sequential,1000,10.163892,10.124,0.6067949740039682,10.092,10.116,10.132,10.104,10.16,22.872,74
153016,19127,sequential,1000,10.178632,10.124,0.7466076235342896,10.088,10.116,10.136,10.108,10.16,24.312,29
153368,19171,sequential,1000,10.16146,10.124,0.5639722662659195,10.092,10.116,10.136,10.108,10.16,20.436,37
153720,19215,sequential,1000,10.170755999999999,10.124,0.6862104000794342,10.088,10.116,10.136,10.108,10.16,23.168,40
154080,19260,sequential,1000,10.158512,10.12,0.5484122371335617,10.092,10.115,10.128,10.104,10.152,21.236,89
154432,19304,sequential,1000,10.169796,10.12,0.7335224588119859,10.088,10.116,10.128,10.108,10.152,25.964,80
154792,19349,sequential,1000,10.16236,10.124,0.5511257369947243,10.092,10.116,10.132,10.108,10.16,20.312,65
155152,19394,sequential,1000,10.168016,10.12,0.6600583464851912,10.096,10.116,10.132,10.108,10.152,23.32,47
155512,19439,sequential,1000,10.15992,10.124,0.5224610369540824,10.088,10.116,10.136,10.104,10.16,20.4,37
155872,19484,sequential,1000,10.167368,10.12,0.7072047703198581,10.092,10.116,10.128,10.107800000000001,10.152,25.212,81
156232,19529,sequential,1000,10.163276,10.124,0.6060256156887025,10.088,10.116,10.132,10.108,10.156,20.748,58
156592,19574,sequential,1000,10.165516,10.12,0.635791434742945,10.088,10.116,10.132,10.104,10.156,23.116,61
156952,19619,sequential,1000,10.164116,10.124,0.5665101378442228,10.092,10.116,10.136,10.108,10.1602,20.304,35
157312,19664,sequential,1000,10.182888,10.12,1.2818104983224354,10.092,10.116,10.128,10.104,10.152,48.252,82
157680,19710,sequential,1000,10.186484,10.124,0.8121033318276472,10.092,10.116,10.132,10.108,10.168199999999999,27.036,84
158048,19756,sequential,1000,10.159032,10.12,0.5799318234895339,10.088,10.112,10.132,10.104,10.156,22.78,26
158408,19801,sequential,1000,10.15596,10.124,0.48897131546476974,10.088,10.116,10.132,10.108,10.156,20.38,62
158776,19847,sequential,1000,10.153304,10.124,0.4495758735186421,10.088,10.116,10.132,10.104,10.156,17.592,58
159144,19893,sequential,1000,10.157192,10.124,0.5162150260202516,10.088,10.112,10.132,10.108,10.156,20.924,36
159512,19939,sequential,1000,10.153316,10.124,0.452604196514684,10.088,10.116,10.132,10.108,10.152,19.156,51
159880,19985,sequential,1000,10.154056,10.124,0.4586455719012499,10.092,10.116,10.132,10.104,10.152199999999999,18.708,50
160248,20031,sequential,1000,10.153512,10.124,0.44492886122114794,10.092,10.116,10.132,10.108,10.156,18.18,57
160624,20078,sequential,1000,10.150284,10.12,0.43671484426247664,10.088,10.112,10.128,10.104,10.152,18.204,41
160992,20124,sequential,1000,10.151696,10.12,0.460331642193761,10.088,10.112,10.128,10.104,10.152,18.624,43
161368,20171,sequential,1000,10.166508,10.124,0.5385427543234003,10.088,10.116,10.136,10.104,10.16,19.884,41
161736,20217,sequential,1000,10.154412,10.124,0.45454688991470515,10.092,10.116,10.133,10.108,10.156,18.16,46
162112,20264,sequential,1000,10.154364,10.12,0.5057779105484924,10.088,10.112,10.128,10.104,10.148,19.876,36
162488,20311,sequential,1000,10.163572,10.124,0.6001841499321936,10.092,10.116,10.136,10.108,10.16,22.768,25
162864,20358,sequential,1000,10.157696,10.124,0.5488967363823647,10.092,10.116,10.132,10.108,10.152,22.184,46
163240,20405,sequential,1000,10.152804,10.124,0.4337780965205839,10.092,10.116,10.132,10.108,10.156,17.956,52
163616,20452,sequential,1000,10.150803999999999,10.12,0.4438916369671424,10.092,10.112,10.128,10.104,10.152,17.716,41
164000,20500,sequential,1000,10.160168,10.12,0.5360307796878578,10.088,10.112,10.128,10.104,10.152,18.904,41
164376,20547,sequential,1000,10.151836,10.124,0.4228990052869274,10.092,10.116,10.132,10.104,10.156,17.436,56
164752,20594,sequential,1000,10.201428,10.12,0.6985308483969496,10.092,10.112,10.132,10.104,10.172,23.692,63
165136,20642,sequential,1000,10.167608,10.12,0.5081936590819794,10.088,10.112,10.132,10.104,10.16,19.64,40
165520,20690,sequential,1000,10.153792,10.12,0.47981630278724424,10.088,10.112,10.132,10.104,10.156,18.496,33
165904,20738,sequential,1000,10.150796,10.12,0.4339067843229482,10.088,10.112,10.132,10.104,10.152,17.672,24
166288,20786,sequential,1000,10.150436,10.12,0.43532587163930253,10.088,10.112,10.128,10.104,10.152,18.128,50
166672,20834,sequential,1000,10.169236,10.12,0.6763104228770189,10.088,10.112,10.132,10.104,10.152,23.856,27
167056,20882,sequential,1000,10.151664,10.12,0.4587476872361806,10.088,10.112,10.128,10.104,10.152,17.824,50
167440,20930,sequential,1000,10.153824,10.12,0.4935831534334953,10.088,10.112,10.128,10.104,10.152,18.956,47
167832,20979,sequential,1000,10.151684,10.124,0.4227923337780636,10.092,10.116,10.132,10.104,10.152,17.372,48
168216,21027,sequential,1000,10.171364,10.124,0.5244421293632416,10.088,10.116,10.136,10.104,10.1602,20.192,40
168608,21076,sequential,1000,10.14868,10.12,0.431234874653149,10.092,10.112,10.128,10.104,10.148,17.984,33
169000,21125,sequential,1000,10.230128,10.124,2.6726300977230752,10.088,10.116,10.136,10.104,10.16,93.84,23
169384,21173,sequential,1000,10.180544,10.124,0.5729528942968026,10.092,10.116,10.136,10.108,10.168,22.196,56
169776,21222,sequential,1000,10.166332,10.12,0.5083880842626234,10.088,10.112,10.132,10.104,10.156,20.592,38
170176,21272,sequential,1000,10.169408,10.12,0.6298586154141352,10.096,10.112,10.128,10.108,10.152,21.144,41
170568,21321,sequential,1000,10.153008,10.124,0.44008605029887926,10.084,10.116,10.132,10.104,10.156,17.464,59
170960,21370,sequential,1000,10.151656,10.12,0.4630068866021769,10.088,10.112,10.128,10.104,10.152,18.292,46
171360,21420,sequential,1000,10.155164,10.12,0.5542411933485316,10.088,10.112,10.128,10.104,10.148,22.892,37
171752,21469,sequential,1000,10.164896,10.124,0.5940743333098119,10.088,10.116,10.132,10.108,10.156,21.22,59
172152,21519,sequential,1000,10.15488,10.124,0.46645856535515917,10.092,10.116,10.136,10.108,10.152,19.216,20
172544,21568,sequential,1000,10.149652,10.12,0.4329322686578644,10.092,10.116,10.128,10.104,10.148,17.748,67
172944,21618,sequential,1000,10.161452,10.12,0.5308361241350166,10.092,10.112,10.132,10.104,10.16,19.728,43
173344,21668,sequential,1000,10.150236,10.12,0.4376711966538127,10.088,10.112,10.128,10.104,10.148,17.668,38
173752,21719,sequential,1000,10.156952,10.124,0.48981410714224594,10.088,10.116,10.132,10.108,10.1562,19.052,70
174152,21769,sequential,1000,10.16114,10.124,0.582851995663435,10.088,10.116,10.132,10.108,10.156,23.004,58
174552,21819,sequential,1000,10.15348,10.124,0.45948242806629913,10.084,10.116,10.132,10.104,10.152,18.448,44
174960,21870,sequential,1000,10.149672,10.12,0.42791572568005054,10.088,10.112,10.128,10.104,10.152,17.332,40
175360,21920,sequential,1000,10.1509,10.12,0.4638237105134174,10.088,10.112,10.128,10.104,10.148,18.416,37
175768,21971,sequential,1000,10.152252,10.124,0.4339672523037563,10.088,10.116,10.132,10.108,10.152,17.748,47
176176,22022,sequential,1000,10.145052,10.12,0.4066517169703269,10.088,10.112,10.128,10.104,10.152,17.82,42
176584,22073,sequential,1000,10.153891999999999,10.124,0.4513782833618501,10.096,10.116,10.132,10.107800000000001,10.156,19.688,54
176992,22124,sequential,1000,10.151984,10.12,0.4835495382066866,10.092,10.112,10.128,10.104,10.148,18.552,27
177400,22175,sequential,1000,10.156088,10.124,0.4824790423244126,10.088,10.116,10.136,10.104,10.16,18.636,28
177808,22226,sequential,1000,10.159623999999999,10.12,0.5314239268362068,10.088,10.112,10.132,10.104,10.152199999999999,20.464,30
178224,22278,sequential,1000,10.180439999999999,10.12,1.2284971321104514,10.088,10.112,10.128,10.104,10.152,47.092,41
178632,22329,sequential,1000,10.157452,10.124,0.5168124561296978,10.088,10.116,10.132,10.104,10.156,21.568,61
179048,22381,sequential,1000,10.2305,10.124,1.2320264181806715,10.088,10.116,10.136,10.107800000000001,10.176,34.948,60
179464,22433,sequential,1000,10.156284,10.124,0.49541335643857826,10.084,10.116,10.132,10.108,10.152199999999999,18.856,51
179872,22484,sequential,1000,10.149432,10.12,0.4314511739368564,10.088,10.112,10.128,10.104,10.152,17.216,41
180288,22536,sequential,1000,10.151092,10.12,0.4541562478194409,10.096,10.116,10.128,10.104,10.148,18.088,66
180712,22589,sequential,1000,10.159508,10.124,0.5699217426355383,10.088,10.116,10.132,10.104,10.152,23.48,42
181128,22641,sequential,1000,10.199868,10.124,0.7066747793856945,10.092,10.116,10.136,10.108,10.184,23.696,76
181544,22693,sequential,1000,10.154984,10.124,0.46742520049956876,10.092,10.116,10.132,10.104,10.1562,18.372,58
181968,22746,sequential,1000,10.158796,10.12,0.5318803691725341,10.088,10.112,10.132,10.104,10.156,20.012,31
182384,22798,sequential,1000,10.15148,10.12,0.4405852346016023,10.092,10.112,10.128,10.104,10.156,18.08,54
182808,22851,sequential,1000,10.152824,10.124,0.43729025577045705,10.096,10.116,10.132,10.108,10.152,17.464,48
183232,22904,sequential,1000,10.177652,10.12,0.7324218461082771,10.088,10.116,10.128,10.104,10.164,25.8,108
183656,22957,sequential,1000,10.153492,10.124,0.4580776976814229,10.08,10.116,10.132,10.104,10.156,18.856,56
184080,23010,sequential,1000,10.157896,10.12,0.5081838722667535,10.092,10.116,10.132,10.104,10.152,21.056,42
184504,23063,sequential,1000,10.153932,10.124,0.44856352572697283,10.088,10.116,10.132,10.104,10.156,17.856,53
184936,23117,sequential,1000,10.153152,10.124,0.4334390271840854,10.092,10.116,10.132,10.104,10.16,17.66,59
185360,23170,sequential,1000,10.15216,10.12,0.4534261413567436,10.092,10.112,10.132,10.104,10.152,18.58,27
185792,23224,sequential,1000,10.170664,10.12,0.6430761961837012,10.096,10.116,10.128,10.108,10.156,22.384,102
186216,23277,sequential,1000,10.156184,10.124,0.47353473503988,10.092,10.116,10.132,10.108,10.16,18.46,72
186648,23331,sequential,1000,10.266872,10.124,0.9657002809612559,10.088,10.116,10.14,10.108,10.616599999999998,28.08,107
187080,23385,sequential,1000,10.172179999999999,10.124,0.7075703550936878,10.088,10.116,10.132,10.104,10.16,21.8,73
187512,23439,sequential,1000,10.370008,10.124,0.9701786384612509,10.092,10.116,10.144,10.108,11.8362,25.988,170
187944,23493,sequential,1000,10.165668,10.124,0.5758839432490649,10.092,10.116,10.132,10.107800000000001,10.164,20.94,74
188384,23548,sequential,1000,10.154176,10.12,0.49203061607094245,10.092,10.116,10.128,10.107800000000001,10.156,19.472,94
188816,23602,sequential,1000,10.15274,10.12,0.45935399257053433,10.088,10.112,10.132,10.104,10.156,18.344,26
189256,23657,sequential,1000,10.157856,10.124,0.5023023461132856,10.096,10.116,10.132,10.108,10.156,18.992,55
189696,23712,sequential,1000,10.154328,10.12,0.4873584334539197,10.096,10.116,10.128,10.104,10.152,18.568,84
190128,23766,sequential,1000,10.151284,10.12,0.4271363585704368,10.088,10.112,10.132,10.104,10.156,17.4,38
190568,23821,sequential,1000,10.16258,10.124,0.5881622347740583,10.096,10.116,10.136,10.108,10.164,23.168,41
191016,23877,sequential,1000,10.15402,10.124,0.43669850604872146,10.092,10.116,10.136,10.108,10.16,17.28,32
191456,23932,sequential,1000,10.152332,10.12,0.4721451416787118,10.092,10.115,10.128,10.104,10.152,19.312,84
191896,23987,sequential,1000,10.153752,10.124,0.442788256321163,10.092,10.116,10.136,10.107800000000001,10.156,18.176,19
192344,24043,sequential,1000,10.200056,10.124,0.9143347685245995,10.092,10.116,10.133,10.108,10.172,28.104,84
192784,24098,sequential,1000,10.173912,10.12,0.6871973985111706,10.088,10.112,10.132,10.104,10.16,22.84,42
193232,24154,sequential,1000,10.23438,10.12,2.1548327507683247,10.084,10.116,10.132,10.104,10.156,75.688,59
193680,24210,sequential,1000,10.151252,10.12,0.44235453431611843,10.088,10.112,10.128,10.104,10.152,18.456,49
194128,24266,sequential,1000,10.15654,10.12,0.5029460479287288,10.088,10.116,10.132,10.104,10.16,18.576,69
194576,24322,sequential,1000,10.156407999999999,10.12,0.5085694253456419,10.088,10.116,10.132,10.104,10.156,19.392,53
195024,24378,sequential,1000,10.154556,10.12,0.4798315132889306,10.088,10.116,10.132,10.104,10.156,19.396,58
195480,24435,sequential,1000,10.15992,10.124,0.5554494880128469,10.092,10.116,10.136,10.108,10.16,23.016,32
195928,24491,sequential,1000,10.172292,10.124,0.5025464791436706,10.092,10.116,10.136,10.108,10.1602,19.8,44
196384,24548,sequential,1000,10.152528,10.12,0.47037416284174144,10.092,10.116,10.128,10.104,10.152,18.372,78
196840,24605,sequential,1000,10.153976,10.124,0.448539714294397,10.092,10.116,10.132,10.108,10.156,17.7,58
197296,24662,sequential,1000,10.156916,10.12,0.5264962138583783,10.088,10.116,10.132,10.104,10.152,20.056,44
197752,24719,sequential,1000,10.16136,10.124,0.5236170253049353,10.088,10.116,10.136,10.108,10.156,19.656,28
198208,24776,sequential,1000,10.153976,10.12,0.47832564100499864,10.088,10.116,10.128,10.108,10.156,18.532,102
198664,24833,sequential,1000,10.155444,10.124,0.4632076642330135,10.088,10.116,10.132,10.104,10.16,18.328,71
199128,24891,sequential,1000,10.156356,10.124,0.4794975862287517,10.088,10.116,10.136,10.104,10.156,18.712,25
199584,24948,sequential,1000,10.14982,10.12,0.42668002935155924,10.092,10.112,10.128,10.104,10.148,17.336,29
200048,25006,sequential,1000,10.151,10.12,0.4327476846368546,10.092,10.116,10.132,10.104,10.152,17.796,45
200512,25064,sequential,1000,10.169103999999999,10.12,0.6238389441291816,10.092,10.116,10.128,10.104,10.156,24.624,96
200976,25122,sequential,1000,10.150652,10.12,0.44494726087589415,10.088,10.112,10.132,10.104,10.1482,18.408,20
201440,25180,sequential,1000,10.153912,10.12,0.5056523039683578,10.092,10.112,10.128,10.104,10.148,19.168,34
201904,25238,sequential,1000,10.15044,10.12,0.43198876454451074,10.088,10.112,10.128,10.104,10.156,17.632,53
202368,25296,sequential,1000,10.279724,10.124,1.4739052291271812,10.088,10.116,10.136,10.108,10.5842,34.944,90
202840,25355,sequential,1000,10.156604,10.124,0.48213379904771686,10.088,10.116,10.136,10.104,10.16,18.932,32
203312,25414,sequential,1000,10.155624,10.12,0.5028600987381111,10.092,10.115,10.132,10.104,10.156,18.964,39
203776,25472,sequential,1000,10.152232,10.12,0.46972957331644344,10.092,10.116,10.128,10.108,10.148,19.012,69
204248,25531,sequential,1000,10.155004,10.124,0.4586273640364725,10.088,10.116,10.136,10.108,10.156,18.18,22
204720,25590,sequential,1000,10.153596,10.12,0.467210867573496,10.092,10.116,10.132,10.104,10.152,18.1,45
205192,25649,sequential,1000,10.16306,10.124,0.49797359578807204,10.096,10.116,10.136,10.104,10.16,19.8,39
205672,25709,sequential,1000,10.159372,10.124,0.538753127646187,10.096,10.116,10.132,10.108,10.156,20.1,59
206144,25768,sequential,1000,10.157884,10.12,0.5573203607697538,10.092,10.116,10.132,10.108,10.152,22.764,41
206624,25828,sequential,1000,10.17296,10.12,0.5640073747024223,10.092,10.115,10.128,10.104,10.16,19.48,100
207104,25888,sequential,1000,10.151068,10.12,0.4406159436354815,10.092,10.116,10.128,10.104,10.152,17.96,80
207584,25948,sequential,1000,10.151568,10.12,0.4488892278891474,10.092,10.112,10.128,10.104,10.152,17.688,47
208064,26008,sequential,1000,10.143004,10.12,0.36684706452792115,10.088,10.116,10.128,10.108,10.148,17.032,65
208544,26068,sequential,1000,10.150468,10.12,0.4437030869910704,10.088,10.112,10.128,10.104,10.152,17.548,36
209024,26128,sequential,1000,10.156984,10.12,0.5518356297905258,10.092,10.116,10.128,10.108,10.152,21.9,80
209504,26188,sequential,1000,10.151552,10.12,0.46064058553827525,10.092,10.112,10.128,10.104,10.152,18.24,40
209992,26249,sequential,1000,10.164032,10.124,0.5486506434011579,10.096,10.116,10.132,10.108,10.152,18.988,49
210480,26310,sequential,1000,10.151308,10.12,0.43766831584053545,10.092,10.116,10.132,10.104,10.152,17.776,47
210968,26371,sequential,1000,10.156864,10.124,0.48469927469606433,10.096,10.116,10.136,10.108,10.156,18.456,26
211456,26432,sequential,1000,10.16452,10.12,0.612970477597744,10.092,10.116,10.128,10.104,10.152199999999999,22.688,94
211944,26493,sequential,1000,10.179592,10.124,0.5541936883258237,10.092,10.116,10.136,10.104,10.164,21.248,46
212432,26554,sequential,1000,10.15926,10.12,0.511516268845179,10.088,10.112,10.128,10.107800000000001,10.152,18.864,38
212920,26615,sequential,1000,10.155472,10.124,0.4678301168525112,10.092,10.116,10.132,10.108,10.156,18.324,54
213416,26677,sequential,1000,10.157596,10.124,0.5083921590380515,10.096,10.116,10.132,10.108,10.156,19.444,52
213912,26739,sequential,1000,10.158464,10.124,0.5158383486189311,10.092,10.116,10.136,10.104,10.16,19.8,34
214408,26801,sequential,1000,10.157912,10.124,0.5080618930240125,10.088,10.116,10.132,10.108,10.156,18.456,56
214904,26863,sequential,1000,10.164728,10.124,0.5494111562706337,10.088,10.116,10.132,10.107800000000001,10.156,19.404,65
215400,26925,sequential,1000,10.154584,10.124,0.46288708277008056,10.088,10.116,10.132,10.104,10.156,18.944,53
215896,26987,sequential,1000,10.153364,10.124,0.4416533994313066,10.088,10.116,10.132,10.104,10.156,17.692,63
216392,27049,sequential,1000,10.1531,10.124,0.4472991689535613,10.088,10.116,10.132,10.104,10.152,17.8,52
216896,27112,sequential,1000,10.151644,10.12,0.4570647190731542,10.088,10.116,10.128,10.104,10.148,18.316,80
217400,27175,sequential,1000,10.171028,10.124,0.588492489864252,10.088,10.116,10.136,10.104,10.16,20.024,35
217904,27238,sequential,1000,10.150792,10.12,0.43078375477654607,10.092,10.112,10.128,10.104,10.152,17.62,48
218408,27301,sequential,1000,10.1573,10.124,0.49893605119612594,10.092,10.116,10.132,10.104,10.16,18.624,73
218912,27364,sequential,1000,10.153488,10.12,0.4839185996291805,10.092,10.112,10.128,10.104,10.152,18.7,43
219416,27427,sequential,1000,10.15444,10.124,0.4622376163987674,10.092,10.116,10.132,10.107800000000001,10.156,18.76,54
219920,27490,sequential,1000,10.161528,10.12,0.5032176280668208,10.092,10.112,10.132,10.104,10.156,19.82,33
220432,27554,sequential,1000,10.175684,10.12,0.8607486069162752,10.088,10.112,10.128,10.104,10.152,32.712,48
220944,27618,sequential,1000,10.392032,10.124,1.2395622976138254,10.092,10.116,10.144,10.104,11.8488,35.356,182
221456,27682,sequential,1000,10.155996,10.12,0.4891656928475862,10.088,10.112,10.132,10.104,10.152,19.348,34
221968,27746,sequential,1000,10.144456,10.12,0.39997115019084184,10.088,10.112,10.128,10.104,10.152,17.86,37
222480,27810,sequential,1000,10.15278,10.12,0.47181963223817364,10.092,10.112,10.132,10.104,10.152,17.952,20
222992,27874,sequential,1000,10.167856,10.12,0.6700740395527067,10.092,10.112,10.132,10.104,10.152,25.06,19
223512,27939,sequential,1000,10.15644,10.124,0.4915118699668588,10.088,10.116,10.132,10.104,10.1562,18.96,67
224024,28003,sequential,1000,10.16046,10.124,0.48191612501715647,10.088,10.116,10.132,10.104,10.16,18.976,77
224544,28068,sequential,1000,10.157012,10.12,0.5608214337349604,10.088,10.112,10.128,10.108,10.148,21.976,33
225064,28133,sequential,1000,10.152572,10.124,0.4457679372385029,10.084,10.116,10.132,10.104,10.152,18.2,47
225584,28198,sequential,1000,10.150868,10.12,0.4389860901707062,10.088,10.112,10.132,10.104,10.152,17.84,25
226104,28263,sequential,1000,10.152856,10.124,0.4400709052705776,10.088,10.116,10.132,10.104,10.156,17.276,55
226632,28329,sequential,1000,10.156808,10.124,0.4985705805197091,10.092,10.116,10.132,10.104,10.156,18.668,57
227152,28394,sequential,1000,10.15928,10.12,0.5184230435195295,10.088,10.112,10.128,10.104,10.16,19.828,62
227680,28460,sequential,1000,10.151072,10.12,0.46170514233052945,10.092,10.112,10.128,10.104,10.148,18.088,38
228208,28526,sequential,1000,10.15042,10.12,0.42746301387164276,10.092,10.112,10.132,10.104,10.152,17.348,23
228736,28592,sequential,1000,10.168032,10.12,0.6635969197094331,10.092,10.116,10.128,10.104,10.148,22.904,72
229264,28658,sequential,1000,10.151208,10.12,0.4458350520423777,10.088,10.112,10.128,10.104,10.152,17.596,42
229792,28724,sequential,1000,10.149928,10.12,0.4361077398725879,10.092,10.112,10.128,10.108,10.148,17.332,34
230328,28791,sequential,1000,10.162708,10.124,0.5431797777964558,10.088,10.116,10.132,10.108,10.1562,20.48,72
230856,28857,sequential,1000,10.215572,10.124,0.8517500284278993,10.088,10.116,10.136,10.104,10.344399999999998,26.3,87
231392,28924,sequential,1000,10.166523999999999,10.12,0.6554852693709923,10.088,10.112,10.128,10.104,10.152,21.752,48
231928,28991,sequential,1000,10.163076,10.124,0.5256073375603668,10.092,10.116,10.136,10.104,10.1562,18.852,30
232464,29058,sequential,1000,10.154208,10.12,0.49052856288600255,10.088,10.112,10.132,10.104,10.152,18.468,23
233000,29125,sequential,1000,10.155668,10.12,0.4958623289031193,10.088,10.112,10.132,10.104,10.152,18.988,26
233544,29193,sequential,1000,10.166772,10.124,0.5802624617709994,10.092,10.116,10.132,10.108,10.164,20.488,76
234080,29260,sequential,1000,10.15056,10.12,0.4485916370785983,10.092,10.112,10.128,10.104,10.148,17.68,36
234624,29328,sequential,1000,10.18564,10.12,0.7009920943322516,10.092,10.112,10.128,10.104,10.16,23.42,68
235168,29396,sequential,1000,10.160324,10.12,0.5294040306341194,10.092,10.112,10.128,10.104,10.152,18.54,41
235712,29464,sequential,1000,10.152172,10.12,0.4661393357101461,10.092,10.112,10.128,10.104,10.152,18.596,45
236256,29532,sequential,1000,10.151112,10.12,0.4560381543843171,10.092,10.112,10.128,10.104,10.152,18.428,43
236800,29600,sequential,1000,10.161016,10.12,0.5367940495158228,10.092,10.112,10.128,10.104,10.152199999999999,18.448,50
237352,29669,sequential,1000,10.15504,10.124,0.4749799620661532,10.092,10.116,10.132,10.108,10.156,18.336,51
237896,29737,sequential,1000,10.198776,10.124,0.6500402681174253,10.088,10.116,10.136,10.104,10.1962,22.576,68
238448,29806,sequential,1000,10.15386,10.12,0.4838795633541799,10.088,10.112,10.132,10.104,10.152,18.88,26
239000,29875,sequential,1000,10.15536,10.124,0.47298162968768886,10.092,10.112,10.136,10.104,10.156,17.896,19
239552,29944,sequential,1000,10.177712,10.12,1.0223674487464163,10.092,10.112,10.128,10.104,10.152,38.568,43
240104,30013,sequential,1000,10.162308,10.124,0.5407690674588557,10.088,10.116,10.132,10.104,10.156,21.0,62
240664,30083,sequential,1000,10.1631,10.124,0.6012447598617898,10.092,10.116,10.136,10.104,10.156,23.368,25
241216,30152,sequential,1000,10.149832,10.12,0.4372006726941351,10.092,10.116,10.128,10.104,10.148,17.796,70
241776,30222,sequential,1000,10.156432,10.12,0.5200593534464186,10.088,10.112,10.128,10.104,10.148,19.496,39
242336,30292,sequential,1000,10.16736,10.12,0.6664194664813636,10.088,10.112,10.128,10.104,10.148,23.404,34
242896,30362,sequential,1000,10.154452,10.12,0.5087708044173009,10.088,10.112,10.128,10.104,10.152,19.352,44
243456,30432,sequential,1000,10.158084,10.12,0.4405507801989845,10.088,10.112,10.128,10.104,10.156,17.412,53
244024,30503,sequential,1000,10.154648,10.124,0.46042650299549515,10.092,10.116,10.132,10.108,10.156,18.1,52
244584,30573,sequential,1000,10.153652,10.124,0.45266009771136234,10.092,10.116,10.132,10.108,10.152,17.812,43
245152,30644,sequential,1000,10.1514,10.12,0.4757121377871686,10.092,10.112,10.128,10.104,10.148,18.704,28
245720,30715,sequential,1000,10.155324,10.124,0.4715127944598528,10.092,10.116,10.132,10.108,10.152,17.92,48
246288,30786,sequential,1000,10.154964,10.12,0.5132422354953813,10.088,10.112,10.128,10.104,10.148,19.6,33
246856,30857,sequential,1000,10.16076,10.124,0.57015143168728,10.092,10.116,10.132,10.108,10.156,22.536,60
247424,30928,sequential,1000,10.149364,10.12,0.4354417216999273,10.092,10.116,10.128,10.104,10.148,17.644,82
248000,31000,sequential,1000,10.143764,10.12,0.4211147324921344,10.092,10.112,10.128,10.104,10.148,18.212,36
248576,31072,sequential,1000,10.150148,10.12,0.4470951578536455,10.096,10.116,10.128,10.104,10.144,17.992,59
249152,31144,sequential,1000,10.152163999999999,10.12,0.47520321463474896,10.096,10.116,10.128,10.104,10.148,18.428,62
249728,31216,sequential,1000,10.149936,10.12,0.43998976681156904,10.092,10.112,10.128,10.104,10.148,17.812,26
250304,31288,sequential,1000,10.1537,10.12,0.49703380227163685,10.092,10.112,10.128,10.108,10.152,18.64,38
250880,31360,sequential,1000,10.150248,10.12,0.44238208870659357,10.088,10.112,10.128,10.104,10.148,18.032,32
251464,31433,sequential,1000,10.153284,10.124,0.43959256700832533,10.092,10.116,10.132,10.108,10.156,17.8,57
252040,31505,sequential,1000,10.156395999999999,10.124,0.49403555571873,10.096,10.116,10.132,10.108,10.156,18.7,54
252624,31578,sequential,1000,10.151883999999999,10.12,0.450521222492255,10.088,10.112,10.132,10.104,10.152,17.492,30
253208,31651,sequential,1000,10.160308,10.124,0.5618516943664604,10.092,10.116,10.132,10.108,10.156,21.612,53
253800,31725,sequential,1000,10.157068,10.124,0.503828366012076,10.092,10.116,10.132,10.104,10.156,19.328,52
254384,31798,sequential,1000,10.155284,10.12,0.5013021995156606,10.092,10.112,10.132,10.104,10.156,19.5,23
254976,31872,sequential,1000,10.151268,10.12,0.456007402272076,10.092,10.116,10.128,10.108,10.152,18.356,76
255560,31945,sequential,1000,10.153764,10.124,0.44665253025902224,10.092,10.116,10.132,10.104,10.156,17.816,59
256152,32019,sequential,1000,10.154692,10.124,0.4593895775046708,10.092,10.116,10.136,10.104,10.156,18.44,25
256744,32093,sequential,1000,10.165048,10.124,0.5591071869888121,10.088,10.116,10.132,10.108,10.156,18.924,54
257336,32167,sequential,1000,10.154156,10.124,0.46099570139069695,10.092,10.116,10.132,10.104,10.156,17.868,52
257936,32242,sequential,1000,10.229256,10.12,2.6673919296140514,10.088,10.112,10.128,10.104,10.152,93.424,38
258528,32316,sequential,1000,10.150796,10.12,0.4654953020818366,10.092,10.112,10.128,10.104,10.148,18.064,27
259128,32391,sequential,1000,10.165736,10.124,0.563850421301254,10.088,10.116,10.136,10.108,10.156,19.852,31
259728,32466,sequential,1000,10.162484,10.12,0.6223259976823975,10.088,10.112,10.129,10.104,10.152199999999999,23.12,50
260328,32541,sequential,1000,10.153632,10.124,0.45743674639555687,10.092,10.116,10.132,10.108,10.156,18.392,55
260928,32616,sequential,1000,10.157052,10.12,0.485752349084017,10.092,10.112,10.128,10.104,10.148,18.856,35
261536,32692,sequential,1000,10.181484,10.12,0.6591471586229594,10.092,10.112,10.128,10.108,10.192,25.444,78
262144,32768,sequential,1000,10.152448,10.12,0.4619223349650238,10.088,10.112,10.128,10.104,10.164,18.012,59
262744,32843,sequential,1000,10.170216,10.124,0.5221269672348996,10.092,10.116,10.132,10.108,10.176,19.112,95
263352,32919,sequential,1000,10.183456,10.124,0.6016335920168048,10.092,10.116,10.136,10.108,10.196,23.98,88
263960,32995,sequential,1000,10.158187999999999,10.124,0.4965266955717642,10.088,10.116,10.132,10.104,10.168,18.176,74
264576,33072,sequential,1000,10.154152,10.12,0.49146942029701823,10.092,10.116,10.128,10.104,10.16,19.112,83
265184,33148,sequential,1000,10.151928,10.12,0.4590480933061023,10.092,10.112,10.128,10.104,10.16,17.788,54
265800,33225,sequential,1000,10.15498,10.124,0.4506305576628149,10.092,10.116,10.132,10.104,10.168,18.068,79
266416,33302,sequential,1000,10.170612,10.12,0.6889787087545718,10.088,10.112,10.128,10.104,10.168,26.02,70
267032,33379,sequential,1000,10.154568,10.124,0.45835001703295936,10.088,10.116,10.132,10.104,10.164,17.808,79
267648,33456,sequential,1000,10.15524,10.12,0.49816418775134563,10.088,10.112,10.128,10.104,10.164,19.388,67
268264,33533,sequential,1000,10.1592,10.12,0.5364788323294196,10.088,10.112,10.132,10.104,10.168,20.704,59
268888,33611,sequential,1000,10.156408,10.124,0.48329591812933875,10.088,10.112,10.132,10.104,10.1642,18.024,59
269512,33689,sequential,1000,10.154564,10.124,0.4533262694909822,10.088,10.116,10.132,10.104,10.168199999999999,17.68,85
270136,33767,sequential,1000,10.228083999999999,10.124,1.0081273618554958,10.088,10.116,10.137,10.104,10.5442,34.168,77
270760,33845,sequential,1000,10.167852,10.124,0.6646663037881426,10.088,10.116,10.136,10.108,10.16,24.532,38
271384,33923,sequential,1000,10.196552,10.124,1.468085816040486,10.092,10.116,10.132,10.104,10.1602,53.812,67
272016,34002,sequential,1000,10.180316,10.12,0.7414278976889604,10.096,10.112,10.132,10.104,10.18,29.116,77
272640,34080,sequential,1000,10.35774,10.124,1.1867042392067837,10.092,10.116,10.169,10.104,11.3202,32.508,207
273272,34159,sequential,1000,10.249488,10.124,1.227724283694337,10.092,10.116,10.136,10.104,10.5682,34.728,114
273904,34238,sequential,1000,10.166015999999999,10.12,0.6649530888373663,10.088,10.112,10.128,10.104,10.1602,23.752,65
274536,34317,sequential,1000,10.163608,10.124,0.5276822594165005,10.096,10.116,10.132,10.104,10.172,19.072,79
275176,34397,sequential,1000,10.156044,10.124,0.47812337322497006,10.088,10.116,10.132,10.104,10.168,18.1,74
275808,34476,sequential,1000,10.158672,10.12,0.5567655164036798,10.088,10.112,10.128,10.104,10.164,20.064,64
276448,34556,sequential,1000,10.162092,10.12,0.5539341644948383,10.092,10.112,10.128,10.104,10.164,18.648,57
277088,34636,sequential,1000,10.158732,10.12,0.5006766594253154,10.088,10.112,10.128,10.104,10.164,19.7,69
277728,34716,sequential,1000,10.16378,10.12,0.6157673855223846,10.092,10.112,10.128,10.104,10.164,22.288,62
278368,34796,sequential,1000,10.1531,10.12,0.48386901453102293,10.092,10.112,10.128,10.104,10.156,18.408,57
279016,34877,sequential,1000,10.155816,10.124,0.4611954503108063,10.088,10.116,10.132,10.104,10.168,18.22,88
279664,34958,sequential,1000,10.160376,10.12,0.546191592648477,10.092,10.112,10.128,10.104,10.164,20.412,67
280304,35038,sequential,1000,10.203408,10.12,0.7220906816241909,10.092,10.112,10.132,10.104,10.2042,26.2,89
280952,35119,sequential,1000,10.2007,10.124,0.9221717881212842,10.092,10.116,10.132,10.108,10.176,24.868,83
281608,35201,sequential,1000,10.290112,10.124,0.9095316967337441,10.088,10.116,10.14,10.108,11.2206,24.012,120
282256,35282,sequential,1000,10.161884,10.12,0.6010252856061366,10.092,10.112,10.128,10.104,10.164,21.524,66
282912,35364,sequential,1000,10.154364,10.12,0.5095149231975066,10.088,10.112,10.128,10.104,10.16,19.824,59
283568,35446,sequential,1000,10.15886,10.12,0.5325218417228649,10.088,10.112,10.128,10.104,10.164,19.04,62
284224,35528,sequential,1000,10.156096,10.12,0.5127964498541141,10.092,10.112,10.128,10.104,10.164,19.0,58
284880,35610,sequential,1000,10.152328,10.12,0.4615782521944669,10.092,10.112,10.128,10.104,10.164,18.372,64
285536,35692,sequential,1000,10.216112,10.12,2.194057046153946,10.092,10.112,10.128,10.104,10.1562,77.896,58
286200,35775,sequential,1000,10.163896,10.124,0.5352681918638742,10.084,10.116,10.132,10.104,10.164,19.072,69
286856,35857,sequential,1000,10.162888,10.124,0.6086713631215817,10.092,10.116,10.132,10.108,10.164,24.604,66
287520,35940,sequential,1000,10.152496,10.12,0.46722843277394027,10.092,10.112,10.128,10.104,10.156,17.932,52
288184,36023,sequential,1000,10.155768,10.124,0.46066862901847544,10.092,10.116,10.132,10.108,10.168,17.852,69
288856,36107,sequential,1000,10.159775999999999,10.124,0.533147428019684,10.092,10.115,10.132,10.104,10.164,19.276,60
289520,36190,sequential,1000,10.153344,10.12,0.47730761592941745,10.084,10.112,10.128,10.104,10.16,18.248,55
290192,36274,sequential,1000,10.168588,10.12,0.6236276370444832,10.088,10.112,10.128,10.104,10.168,21.264,72
290864,36358,sequential,1000,10.154644,10.12,0.49529392216474183,10.092,10.112,10.128,10.104,10.16,18.692,62
291536,36442,sequential,1000,10.158024,10.12,0.5533890339054857,10.092,10.112,10.132,10.104,10.156,20.828,41
292208,36526,sequential,1000,10.160464,10.12,0.5080297539858615,10.092,10.112,10.128,10.104,10.168,18.936,67
292888,36611,sequential,1000,10.158552,10.124,0.5147411755181178,10.092,10.116,10.132,10.104,10.164,18.88,72
293568,36696,sequential,1000,10.15192,10.12,0.46824104398832367,10.092,10.112,10.128,10.104,10.152199999999999,18.512,50
294240,36780,sequential,1000,10.180952,10.12,0.9084755084455747,10.092,10.112,10.128,10.104,10.156,30.26,52
294920,36865,sequential,1000,10.180368,10.124,0.7764130819672282,10.084,10.116,10.132,10.104,10.168,24.956,76
295608,36951,sequential,1000,10.163788,10.124,0.5931064274565656,10.092,10.112,10.132,10.104,10.156,21.58,39
296288,37036,sequential,1000,10.161076,10.12,0.5864411611231424,10.092,10.112,10.128,10.104,10.156,21.312,58
296976,37122,sequential,1000,10.155276,10.12,0.506205641983548,10.088,10.112,10.128,10.104,10.1602,19.124,63
297664,37208,sequential,1000,10.153872,10.12,0.4889248849865991,10.088,10.112,10.128,10.104,10.152,18.424,51
298352,37294,sequential,1000,10.157932,10.12,0.5453216840683259,10.088,10.112,10.128,10.104,10.156,20.16,54
299040,37380,sequential,1000,10.152752,10.12,0.46863770205969535,10.092,10.112,10.128,10.104,10.156,17.872,54
299736,37467,sequential,1000,10.156096,10.124,0.479227463471936,10.088,10.116,10.132,10.104,10.164,18.584,65
300424,37553,sequential,1000,10.15574,10.122,0.47322162155073083,10.092,10.116,10.132,10.104,10.156,18.096,53
301120,37640,sequential,1000,10.153184,10.12,0.48332151393232003,10.092,10.112,10.128,10.104,10.152,18.368,46
301816,37727,sequential,1000,10.156664,10.124,0.48684210000197636,10.088,10.116,10.132,10.104,10.16,18.796,72
302512,37814,sequential,1000,10.166128,10.12,0.5464316344677962,10.092,10.112,10.129,10.104,10.18,20.768,74
303216,37902,sequential,1000,10.20248,10.12,1.0344331924438763,10.08,10.112,10.128,10.104,10.1722,35.34,82
303920,37990,sequential,1000,10.160404,10.12,0.5784590319423111,10.088,10.112,10.128,10.104,10.152,20.204,49
304616,38077,sequential,1000,10.158496,10.124,0.5141364120875259,10.088,10.116,10.132,10.104,10.16,18.6,62
305328,38166,sequential,1000,10.165284,10.12,0.6100837266289747,10.088,10.112,10.128,10.104,10.156,19.876,59
306032,38254,sequential,1000,10.158987999999999,10.12,0.5360961022866021,10.088,10.112,10.128,10.104,10.156,19.224,57
306736,38342,sequential,1000,10.151332,10.12,0.4505920138428321,10.092,10.112,10.128,10.104,10.164,17.408,61
307448,38431,sequential,1000,10.158848,10.124,0.5188844437463529,10.092,10.116,10.132,10.108,10.164,19.044,69
308160,38520,sequential,1000,10.151664,10.12,0.46394885887094023,10.088,10.112,10.128,10.104,10.1482,18.272,46
308872,38609,sequential,1000,10.17592,10.124,0.6285975441190274,10.092,10.116,10.132,10.104,10.176,23.276,75
309584,38698,sequential,1000,10.15196,10.12,0.46215119401136046,10.088,10.112,10.128,10.104,10.152199999999999,18.372,51
310304,38788,sequential,1000,10.151504,10.12,0.46830313880414454,10.088,10.112,10.128,10.104,10.156,18.224,52
311024,38878,sequential,1000,10.15404,10.12,0.49211120271320363,10.092,10.112,10.128,10.104,10.16,19.296,55
311744,38968,sequential,1000,10.151408,10.12,0.470468632610369,10.092,10.112,10.128,10.104,10.152199999999999,17.84,50
312464,39058,sequential,1000,10.15808,10.12,0.5477295109971867,10.092,10.112,10.128,10.104,10.16,20.344,58
313184,39148,sequential,1000,10.153472,10.12,0.49078338760551943,10.088,10.112,10.128,10.104,10.156,18.752,55
313912,39239,sequential,1000,10.15772,10.12,0.5126131698092256,10.092,10.112,10.132,10.104,10.16,18.976,49
314632,39329,sequential,1000,10.1537,10.12,0.4599462975137387,10.088,10.112,10.132,10.104,10.16,17.78,45
315360,39420,sequential,1000,10.152116,10.12,0.46839771878924324,10.088,10.112,10.128,10.104,10.152,18.28,50
316088,39511,sequential,1000,10.154984,10.12,0.48653198982299317,10.088,10.112,10.132,10.104,10.16,18.884,46
316824,39603,sequential,1000,10.159756,10.12,0.5663090803072457,10.092,10.112,10.132,10.104,10.1602,23.052,50
317552,39694,sequential,1000,10.15294,10.12,0.46953008732444707,10.096,10.112,10.128,10.104,10.156,17.836,61
318288,39786,sequential,1000,10.151048,10.12,0.4531460018525983,10.096,10.112,10.128,10.104,10.152,17.812,48
319024,39878,sequential,1000,10.152532,10.12,0.4725647918100316,10.088,10.112,10.128,10.104,10.164,19.004,61
319768,39971,sequential,1000,10.1575,10.124,0.49677994757872057,10.096,10.116,10.132,10.104,10.164,18.388,70
320504,40063,sequential,1000,10.161968,10.124,0.5406651290380745,10.088,10.116,10.132,10.104,10.16,19.612,56
321248,40156,sequential,1000,10.15138,10.12,0.45710648424403033,10.092,10.112,10.128,10.104,10.152199999999999,18.464,50
321992,40249,sequential,1000,10.162052,10.124,0.5216765431871666,10.088,10.116,10.132,10.104,10.156,17.768,58
322736,40342,sequential,1000,10.1591,10.12,0.5146148564222087,10.088,10.112,10.128,10.104,10.156,17.856,54
323480,40435,sequential,1000,10.163464,10.12,0.5428096268444352,10.092,10.112,10.132,10.108,10.16,18.636,45
324232,40529,sequential,1000,10.168368,10.124,0.6296527353574691,10.092,10.116,10.132,10.104,10.16,23.34,65
324976,40622,sequential,1000,10.16036,10.12,0.5321683357148729,10.092,10.112,10.128,10.104,10.152,18.332,46
325728,40716,sequential,1000,10.159304,10.12,0.5280525305867391,10.092,10.112,10.128,10.104,10.152,18.3,45
326480,40810,sequential,1000,10.169192,10.12,0.6230548165614648,10.088,10.112,10.128,10.104,10.168,22.652,68
327240,40905,sequential,1000,10.1697,10.124,0.557610408230843,10.088,10.116,10.132,10.104,10.168,19.772,74
327992,40999,sequential,1000,10.154324,10.124,0.4595156511563645,10.092,10.116,10.132,10.104,10.1562,17.704,62
328752,41094,sequential,1000,10.417524,10.124,1.4707905324056905,10.092,10.116,10.144,10.104,11.4842,35.036,201
329512,41189,sequential,1000,10.15268,10.124,0.4973209363315742,10.088,10.116,10.132,10.104,10.16,20.752,61
330280,41285,sequential,1000,10.153924,10.12,0.4571667569581888,10.092,10.112,10.132,10.104,10.16,17.804,47
331040,41380,sequential,1000,10.151272,10.12,0.45957307735487446,10.088,10.112,10.128,10.104,10.156,18.0,54
331808,41476,sequential,1000,10.15842,10.12,0.5816973675610261,10.088,10.112,10.128,10.104,10.152,21.34,50
332576,41572,sequential,1000,10.157264,10.12,0.5714324258574422,10.088,10.112,10.128,10.104,10.152,22.584,50
333344,41668,sequential,1000,10.157848,10.12,0.540143288089066,10.088,10.112,10.128,10.104,10.148,19.764,46
334112,41764,sequential,1000,10.152592,10.12,0.47807746610732405,10.092,10.112,10.128,10.104,10.152,18.02,48
334888,41861,sequential,1000,10.156216,10.124,0.4819720431668152,10.096,10.116,10.132,10.108,10.16,18.496,59
335664,41958,sequential,1000,10.152556,10.12,0.47548368594474366,10.092,10.112,10.128,10.104,10.152199999999999,18.224,50
336440,42055,sequential,1000,10.15668,10.124,0.48754407064471705,10.092,10.116,10.132,10.104,10.16,18.54,63
337216,42152,sequential,1000,10.154432,10.12,0.5125797258489174,10.092,10.112,10.128,10.104,10.148,19.044,44
338000,42250,sequential,1000,10.145135999999999,10.12,0.4189521672248783,10.092,10.112,10.128,10.104,10.152,18.268,41
338776,42347,sequential,1000,10.156632,10.124,0.49149627991386585,10.092,10.116,10.132,10.104,10.16,19.144,63
339560,42445,sequential,1000,10.163632,10.124,0.4718487319065315,10.088,10.116,10.132,10.104,10.168199999999999,18.404,71
340352,42544,sequential,1000,10.157116,10.12,0.5899327480240364,10.092,10.112,10.128,10.104,10.148,23.832,43
341136,42642,sequential,1000,10.152492,10.12,0.4619291725973761,10.088,10.112,10.128,10.104,10.156,17.812,52
341928,42741,sequential,1000,10.183204,10.12,0.6368023143578951,10.092,10.112,10.132,10.104,10.188,25.412,76
342712,42839,sequential,1000,10.156296,10.124,0.4824955900092543,10.092,10.112,10.132,10.104,10.1562,18.664,48
343512,42939,sequential,1000,10.155216,10.124,0.4657226244310092,10.092,10.116,10.132,10.104,10.1562,17.836,67
344304,43038,sequential,1000,10.15324,10.12,0.475631941887994,10.084,10.112,10.128,10.104,10.156,18.264,52
345096,43137,sequential,1000,10.158472,10.124,0.512501694829591,10.092,10.116,10.132,10.104,10.16,19.32,69
345896,43237,sequential,1000,10.170316,10.12,0.5821650077428565,10.092,10.112,10.132,10.104,10.168,19.716,52
346696,43337,sequential,1000,10.159144,10.124,0.5016394855246519,10.088,10.116,10.132,10.104,10.164,19.452,63
347496,43437,sequential,1000,10.155188,10.124,0.468270564927989,10.092,10.116,10.132,10.104,10.1602,17.988,60
348304,43538,sequential,1000,10.16944,10.12,0.657177029458614,10.092,10.112,10.128,10.104,10.1602,24.608,57
349112,43639,sequential,1000,10.156752,10.124,0.4838568548155043,10.088,10.116,10.132,10.108,10.16,18.632,72
349920,43740,sequential,1000,10.153368,10.12,0.48199214620676656,10.088,10.112,10.128,10.104,10.152,18.64,50
350728,43841,sequential,1000,10.154512,10.124,0.46957408539832957,10.088,10.112,10.132,10.104,10.16,18.172,45
351536,43942,sequential,1000,10.152144,10.12,0.4744167561569917,10.088,10.112,10.128,10.104,10.152,17.94,50
352352,44044,sequential,1000,10.155324,10.12,0.49395776468975283,10.092,10.112,10.128,10.104,10.152,18.912,47
353168,44146,sequential,1000,10.153704,10.12,0.4924973766935719,10.092,10.112,10.128,10.104,10.156,19.052,57
353984,44248,sequential,1000,10.15542,10.12,0.5271337264542704,10.096,10.112,10.128,10.104,10.152,20.496,44
354800,44350,sequential,1000,10.176984,10.12,0.8544731828232903,10.088,10.112,10.128,10.104,10.1562,31.608,59
355624,44453,sequential,1000,10.162632,10.122,0.53315800475472,10.088,10.116,10.132,10.104,10.1562,19.016,63
356448,44556,sequential,1000,10.151807999999999,10.12,0.46243403028796265,10.088,10.112,10.128,10.104,10.152,18.06,51
357272,44659,sequential,1000,10.160936,10.124,0.5795291899343691,10.092,10.112,10.132,10.104,10.16,22.9,48
358096,44762,sequential,1000,10.154024,10.12,0.4988615823074597,10.092,10.112,10.128,10.104,10.1562,19.068,52
358928,44866,sequential,1000,10.153468,10.12,0.4913802799823734,10.088,10.112,10.128,10.104,10.152,19.224,47
359752,44969,sequential,1000,10.154696,10.124,0.4694873778729115,10.092,10.112,10.132,10.104,10.156,17.716,39
360584,45073,sequential,1000,10.154448,10.124,0.46134214187289224,10.092,10.112,10.132,10.104,10.16,18.204,43
361424,45178,sequential,1000,10.151736,10.12,0.4476530481919626,10.092,10.112,10.128,10.104,10.156,17.736,53
362256,45282,sequential,1000,10.152212,10.12,0.45700250146179977,10.092,10.112,10.128,10.104,10.152,18.008,47
363096,45387,sequential,1000,10.154808,10.124,0.4600742281756624,10.092,10.116,10.132,10.104,10.156,17.92,64
363936,45492,sequential,1000,10.153332,10.12,0.49877354463205525,10.092,10.112,10.128,10.104,10.152,18.668,43
364776,45597,sequential,1000,10.158732,10.124,0.5265107536886116,10.092,10.116,10.132,10.107800000000001,10.1562,19.68,59
365624,45703,sequential,1000,10.161556,10.124,0.5786949755603022,10.096,10.116,10.132,10.104,10.156,22.248,58
366464,45808,sequential,1000,10.1514,10.12,0.4656734432579936,10.088,10.112,10.128,10.104,10.152,18.48,46
367312,45914,sequential,1000,10.154556,10.12,0.5064138879314922,10.092,10.112,10.128,10.104,10.156,19.42,54
368160,46020,sequential,1000,10.15146,10.12,0.46848313614136516,10.092,10.112,10.128,10.104,10.1482,18.312,42
369016,46127,sequential,1000,10.162647999999999,10.124,0.5186823956175142,10.092,10.116,10.132,10.104,10.164,18.332,70
369872,46234,sequential,1000,10.15228,10.12,0.4660259024364866,10.092,10.112,10.128,10.104,10.152199999999999,18.54,50
370728,46341,sequential,1000,10.154972,10.124,0.4640436441970946,10.092,10.116,10.132,10.104,10.16,18.328,68
371584,46448,sequential,1000,10.151451999999999,10.12,0.46300739902030463,10.092,10.112,10.128,10.104,10.152,18.04,45
372440,46555,sequential,1000,10.156368,10.124,0.4889314128817073,10.092,10.116,10.132,10.104,10.16,18.244,59
373304,46663,sequential,1000,10.156956,10.124,0.49662090812851445,10.092,10.116,10.132,10.104,10.1562,19.064,57
374168,46771,sequential,1000,10.147804,10.124,0.40529458086838677,10.092,10.112,10.132,10.104,10.16,17.78,44
375032,46879,sequential,1000,10.159608,10.124,0.5097983254863326,10.092,10.116,10.132,10.104,10.16,19.8,60
375896,46987,sequential,1000,10.155348,10.124,0.47132294683816983,10.092,10.116,10.132,10.107800000000001,10.156,18.1,53
376768,47096,sequential,1000,10.151764,10.12,0.4674127287130325,10.092,10.112,10.128,10.104,10.152,18.248,47
377640,47205,sequential,1000,10.155416,10.124,0.4695398583960925,10.088,10.112,10.132,10.104,10.16,18.192,46
378512,47314,sequential,1000,10.151912,10.12,0.45379177519125574,10.092,10.112,10.128,10.104,10.156,17.7,54
379392,47424,sequential,1000,10.160624,10.12,0.5431710056376035,10.092,10.112,10.128,10.104,10.1482,18.388,45
380264,47533,sequential,1000,10.155004,10.124,0.4598288056597961,10.096,10.116,10.132,10.104,10.156,17.744,53
381144,47643,sequential,1000,10.154387999999999,10.124,0.457472651294788,10.088,10.116,10.132,10.104,10.156,18.228,58
382032,47754,sequential,1000,10.152208,10.12,0.463780095209694,10.092,10.112,10.128,10.104,10.152,17.748,49
382912,47864,sequential,1000,10.154,10.12,0.5026325571304424,10.092,10.112,10.128,10.104,10.148,19.292,44
383800,47975,sequential,1000,10.166228,10.124,0.5899222357737164,10.092,10.116,10.132,10.104,10.156,21.984,54
384688,48086,sequential,1000,10.151456,10.12,0.4556983267788341,10.088,10.112,10.128,10.104,10.156,17.948,53
385576,48197,sequential,1000,10.160976,10.124,0.5490345620945684,10.088,10.116,10.132,10.104,10.156,20.14,53
386464,48308,sequential,1000,10.157372,10.12,0.5483751132946142,10.088,10.112,10.128,10.104,10.152,19.564,50
387360,48420,sequential,1000,10.152272,10.12,0.47383013941392227,10.088,10.112,10.128,10.104,10.152,18.028,46
388256,48532,sequential,1000,10.151356,10.12,0.4638750492593079,10.088,10.112,10.128,10.104,10.148,18.116,46
389152,48644,sequential,1000,10.15164,10.12,0.4642002243087009,10.088,10.112,10.128,10.104,10.152,17.816,46
390056,48757,sequential,1000,10.160423999999999,10.12,0.5278093623146021,10.088,10.112,10.132,10.104,10.16,20.06,41
390960,48870,sequential,1000,10.171732,10.12,0.5671464001606774,10.088,10.112,10.128,10.104,10.16,19.884,65
391864,48983,sequential,1000,10.165596,10.124,0.5661996563358501,10.092,10.116,10.132,10.104,10.16,18.988,64
392768,49096,sequential,1000,10.162964,10.12,0.6785243827910992,10.088,10.112,10.128,10.104,10.156,27.324,53
393680,49210,sequential,1000,10.154512,10.12,0.4939354756545738,10.092,10.112,10.132,10.104,10.152199999999999,18.912,37
394584,49323,sequential,1000,10.154948,10.124,0.4568008672587305,10.092,10.116,10.132,10.108,10.16,17.936,72
395504,49438,sequential,1000,10.1596,10.12,0.5209148186107286,10.088,10.112,10.128,10.104,10.156,17.948,53
396416,49552,sequential,1000,10.150644,10.12,0.45570603381264685,10.092,10.112,10.128,10.104,10.152,18.0,47
397336,49667,sequential,1000,10.213764,10.124,1.057546358607794,10.092,10.116,10.136,10.104,10.1722,35.136,57
398248,49781,sequential,1000,10.1557,10.124,0.46923028787905746,10.092,10.116,10.132,10.104,10.156,18.312,55
399176,49897,sequential,1000,10.155192,10.124,0.46802611420686724,10.092,10.116,10.132,10.104,10.156,17.996,57
400096,50012,sequential,1000,10.151451999999999,10.12,0.47240098050531437,10.092,10.112,10.128,10.104,10.152,18.268,42
401024,50128,sequential,1000,10.155327999999999,10.12,0.5292539751255405,10.092,10.112,10.128,10.104,10.152,19.084,45
401952,50244,sequential,1000,10.189648,10.12,1.4260770371238056,10.092,10.112,10.128,10.104,10.152,52.908,46
402880,50360,sequential,1000,10.144504,10.12,0.40870178753601644,10.092,10.112,10.128,10.104,10.1482,18.188,44
403808,50476,sequential,1000,10.152704,10.12,0.4931790851141135,10.092,10.112,10.128,10.104,10.148,19.84,41
404744,50593,sequential,1000,10.167864,10.124,0.5964233045935263,10.092,10.112,10.132,10.104,10.16,20.616,49
405680,50710,sequential,1000,10.168264,10.12,0.6976524013985598,10.092,10.112,10.128,10.104,10.148,24.488,43
406616,50827,sequential,1000,10.16124,10.12,0.5740376691870017,10.092,10.112,10.132,10.104,10.1562,20.636,45
407560,50945,sequential,1000,10.179888,10.124,0.6346573448731224,10.092,10.116,10.132,10.104,10.172,22.784,69
408504,51063,sequential,1000,10.157468,10.12,0.5144056085484547,10.092,10.112,10.132,10.104,10.16,19.272,47
409448,51181,sequential,1000,10.157056,10.124,0.5069224943512364,10.088,10.112,10.132,10.104,10.156,19.416,38
410392,51299,sequential,1000,10.157104,10.12,0.5142637926516239,10.088,10.112,10.132,10.104,10.16,19.116,44
411344,51418,sequential,1000,10.18476,10.12,0.9282250762569346,10.088,10.112,10.128,10.104,10.156,30.264,52
412296,51537,sequential,1000,10.26176,10.124,0.8852954548863574,10.088,10.116,10.136,10.104,10.5762,22.976,97
413248,51656,sequential,1000,10.161832,10.12,0.5621093440698978,10.092,10.112,10.128,10.104,10.152,19.356,46
414208,51776,sequential,1000,10.147608,10.12,0.46413115394688176,10.096,10.112,10.128,10.104,10.148,20.0,44
415160,51895,sequential,1000,10.198872,10.124,0.7611972075650336,10.096,10.116,10.136,10.108,10.192,26.42,83
416128,52016,sequential,1000,10.164888,10.12,0.6107574675271192,10.088,10.112,10.128,10.104,10.152,20.108,46
417088,52136,sequential,1000,10.150404,10.12,0.4491452507154453,10.096,10.112,10.128,10.104,10.152,17.712,41
418048,52256,sequential,1000,10.152232,10.12,0.48500204242575845,10.092,10.112,10.128,10.104,10.148,18.856,43
419016,52377,sequential,1000,10.157512,10.124,0.5151191139508974,10.092,10.116,10.132,10.104,10.156,20.644,53
419984,52498,sequential,1000,10.152592,10.12,0.46856352537656326,10.092,10.112,10.128,10.104,10.1562,17.72,55
420960,52620,sequential,1000,10.278996,10.12,3.883781573582028,10.092,10.112,10.128,10.104,10.152,131.18,48
421936,52742,sequential,1000,10.163168,10.12,0.5721273262600324,10.088,10.112,10.128,10.104,10.152,19.068,47
422912,52864,sequential,1000,10.152752,10.12,0.49625845983212724,10.092,10.112,10.128,10.104,10.148,18.292,36
423888,52986,sequential,1000,10.162368,10.12,0.5391479658731035,10.092,10.112,10.128,10.104,10.1562,21.504,54
424864,53108,sequential,1000,10.162576,10.12,0.5750651581865834,10.092,10.112,10.128,10.108,10.148,19.452,44
425848,53231,sequential,1000,10.156179999999999,10.124,0.4894353098444395,10.092,10.116,10.132,10.104,10.152199999999999,18.436,50
426832,53354,sequential,1000,10.146192,10.12,0.43252257156235324,10.092,10.112,10.128,10.104,10.152,18.396,39
427824,53478,sequential,1000,10.152455999999999,10.12,0.46862335399754873,10.088,10.112,10.128,10.104,10.152,18.308,48
428816,53602,sequential,1000,10.170548,10.12,0.5618845343359486,10.092,10.112,10.132,10.104,10.168,21.156,57
429808,53726,sequential,1000,10.153815999999999,10.12,0.4923026955929533,10.092,10.112,10.128,10.104,10.152,18.296,43
430800,53850,sequential,1000,10.15404,10.12,0.5017712913557619,10.096,10.112,10.128,10.104,10.152199999999999,18.78,50
431792,53974,sequential,1000,10.157244,10.12,0.548088450355792,10.092,10.112,10.128,10.104,10.152,19.84,46
432792,54099,sequential,1000,10.15838,10.124,0.5122700578915502,10.092,10.116,10.132,10.104,10.156,18.66,61
433792,54224,sequential,1000,10.151276,10.12,0.4631828128742928,10.092,10.112,10.128,10.104,10.148,18.32,37
434800,54350,sequential,1000,10.17632,10.12,0.7413610900673611,10.092,10.112,10.128,10.104,10.152,22.24,46
435808,54476,sequential,1000,10.151168,10.12,0.4629439284155878,10.092,10.112,10.128,10.104,10.1482,18.276,43
436816,54602,sequential,1000,10.153272,10.12,0.49030556754493987,10.092,10.112,10.128,10.104,10.152,19.068,41
437824,54728,sequential,1000,10.152887999999999,10.12,0.49041106274886015,10.092,10.112,10.128,10.104,10.148,18.972,36
438832,54854,sequential,1000,10.151068,10.12,0.46797603886197947,10.088,10.112,10.128,10.104,10.148,18.584,40
439848,54981,sequential,1000,10.159096,10.122,0.5192175050993578,10.092,10.112,10.132,10.104,10.152199999999999,19.416,39
440872,55109,sequential,1000,10.29972,10.124,2.0625055973109356,10.092,10.116,10.136,10.104,10.5682,61.124,104
441888,55236,sequential,1000,10.159559999999999,10.12,0.5728138704065485,10.092,10.112,10.128,10.104,10.1482,20.412,45
442912,55364,sequential,1000,10.1598,10.12,0.5819247274247662,10.092,10.112,10.128,10.104,10.148,21.08,40
443936,55492,sequential,1000,10.157896,10.12,0.5360234158003606,10.088,10.112,10.128,10.104,10.156,19.668,59
444960,55620,sequential,1000,10.155584,10.12,0.5250252474447819,10.088,10.112,10.128,10.104,10.152,19.116,48
445992,55749,sequential,1000,10.154988,10.12,0.49465475149762705,10.092,10.112,10.132,10.104,10.152,18.72,34
447024,55878,sequential,1000,10.163088,10.12,0.5767413482999453,10.092,10.112,10.128,10.104,10.152,18.52,49
448056,56007,sequential,1000,10.155052,10.124,0.4705840697077013,10.088,10.116,10.132,10.104,10.152,18.432,50
449096,56137,sequential,1000,10.154384,10.12,0.48611817845810645,10.092,10.112,10.132,10.104,10.152,18.712,33
450136,56267,sequential,1000,10.167624,10.124,0.650937584075741,10.092,10.116,10.132,10.104,10.156,23.936,54
451176,56397,sequential,1000,10.156908,10.124,0.5093477266491356,10.088,10.116,10.132,10.104,10.152,19.432,48
452216,56527,sequential,1000,10.1689,10.124,0.5063500571545149,10.092,10.116,10.132,10.104,10.164,18.68,74
453264,56658,sequential,1000,10.157408,10.12,0.5631604524744535,10.092,10.112,10.128,10.104,10.152,21.32,47
454312,56789,sequential,1000,10.156536,10.12,0.5151906657987178,10.092,10.112,10.132,10.104,10.152,20.076,38
455360,56920,sequential,1000,10.15702,10.12,0.5311242534215252,10.092,10.112,10.128,10.104,10.148,19.744,39
456416,57052,sequential,1000,10.152996,10.12,0.49512705317199424,10.092,10.112,10.128,10.104,10.148,18.944,41
457472,57184,sequential,1000,10.151108,10.12,0.4739722164832006,10.092,10.112,10.128,10.104,10.148,18.476,33
458528,57316,sequential,1000,10.15954,10.12,0.535322593095676,10.092,10.112,10.128,10.104,10.152,18.74,48
459592,57449,sequential,1000,10.15474,10.12,0.4734883606041733,10.092,10.116,10.132,10.104,10.156,18.196,53
460656,57582,sequential,1000,10.159828,10.12,0.6022680011101048,10.092,10.112,10.128,10.104,10.156,23.56,51
461720,57715,sequential,1000,10.155156,10.124,0.47651935360314424,10.092,10.112,10.132,10.104,10.156,18.42,42
462784,57848,sequential,1000,10.1534,10.12,0.5112664837610787,10.092,10.112,10.128,10.104,10.148,19.276,38
463856,57982,sequential,1000,10.15462,10.12,0.5035997898613027,10.088,10.112,10.128,10.104,10.148,18.496,45
464928,58116,sequential,1000,10.155136,10.12,0.5200259536758685,10.088,10.112,10.128,10.104,10.152,19.0,45
466008,58251,sequential,1000,10.15556,10.12,0.49340108129900473,10.088,10.112,10.132,10.104,10.156,18.404,34
467088,58386,sequential,1000,10.155648,10.12,0.5336644956242546,10.088,10.112,10.128,10.104,10.152,20.388,45
468168,58521,sequential,1000,10.153516,10.12,0.46463543109391453,10.088,10.112,10.132,10.104,10.152,18.436,35
469248,58656,sequential,1000,10.166096,10.12,0.5814432965398183,10.092,10.112,10.128,10.104,10.152,19.668,43
470336,58792,sequential,1000,10.150976,10.12,0.4630005193354591,10.092,10.112,10.128,10.104,10.148,18.048,37
471424,58928,sequential,1000,10.167896,10.12,0.6865973004877292,10.088,10.112,10.128,10.104,10.148,25.316,40
472512,59064,sequential,1000,10.151624,10.12,0.46532001605490964,10.088,10.112,10.128,10.104,10.148,18.22,39
473608,59201,sequential,1000,10.163188,10.124,0.5429436807777548,10.092,10.116,10.132,10.104,10.156,18.848,54
474696,59337,sequential,1000,10.154376,10.124,0.4693215457842707,10.092,10.116,10.132,10.104,10.152,17.924,49
475800,59475,sequential,1000,10.462816,10.124,1.5332883053004647,10.092,10.116,10.148,10.108,11.876199999999999,34.2,207
476896,59612,sequential,1000,10.155327999999999,10.12,0.5297975253187144,10.092,10.112,10.128,10.104,10.148,19.284,38
478000,59750,sequential,1000,10.165768,10.12,0.5721605245399598,10.088,10.112,10.132,10.104,10.152,21.084,34
479104,59888,sequential,1000,10.151484,10.12,0.4747582723462133,10.088,10.112,10.128,10.104,10.148,18.736,41
480216,60027,sequential,1000,10.183792,10.124,0.6500646219790374,10.092,10.116,10.132,10.108,10.1722,22.488,76
481328,60166,sequential,1000,10.166832,10.12,0.6606038883273949,10.088,10.112,10.128,10.104,10.148,24.012,43
482440,60305,sequential,1000,10.157096,10.12,0.5256246951048857,10.092,10.112,10.132,10.104,10.152,19.912,32
483552,60444,sequential,1000,10.152768,10.12,0.4882992754022459,10.092,10.112,10.128,10.104,10.148,19.012,40
484672,60584,sequential,1000,10.15668,10.12,0.521864511313203,10.092,10.112,10.128,10.104,10.148,19.496,36
485792,60724,sequential,1000,10.15102,10.12,0.4663182392961917,10.096,10.112,10.128,10.104,10.148,18.72,38
486920,60865,sequential,1000,10.172512,10.12,0.6876988378262301,10.088,10.116,10.132,10.104,10.16,22.692,61
488048,61006,sequential,1000,10.155676,10.12,0.5433218177301751,10.096,10.112,10.128,10.104,10.152,19.352,46
489176,61147,sequential,1000,10.164828,10.12,0.5676614501073135,10.096,10.112,10.132,10.104,10.156,19.744,42
490304,61288,sequential,1000,10.151672,10.12,0.4758787587285327,10.088,10.112,10.128,10.104,10.148,18.348,36
491440,61430,sequential,1000,10.154776,10.12,0.5218382901100924,10.088,10.112,10.128,10.104,10.148,20.38,42
492576,61572,sequential,1000,10.159728,10.12,0.624373689804848,10.092,10.112,10.128,10.104,10.148,24.036,40
493720,61715,sequential,1000,10.158888,10.12,0.5549962452920635,10.088,10.112,10.132,10.104,10.152,19.948,36
494856,61857,sequential,1000,10.166116,10.124,0.5920638598649289,10.092,10.112,10.132,10.104,10.156,20.512,33
496000,62000,sequential,1000,10.142424,10.12,0.3877667433796654,10.096,10.112,10.128,10.104,10.144,17.444,31
497152,62144,sequential,1000,10.155212,10.12,0.5209251828258086,10.088,10.112,10.128,10.104,10.148,19.34,39
498304,62288,sequential,1000,10.153152,10.12,0.49487756131865246,10.096,10.112,10.128,10.104,10.148,18.508,39
499456,62432,sequential,1000,10.1535,10.12,0.5044119322512082,10.092,10.112,10.128,10.104,10.148,18.956,32
500608,62576,sequential,1000,10.161252,10.12,0.5631321392908615,10.092,10.112,10.128,10.104,10.148,19.016,36
501768,62721,sequential,1000,10.155012,10.12,0.4743624559296358,10.092,10.116,10.132,10.104,10.152,18.728,49
502928,62866,sequential,1000,10.152056,10.12,0.4750600624415052,10.092,10.112,10.128,10.104,10.148,18.516,41
504088,63011,sequential,1000,10.15502,10.124,0.47666893844352487,10.096,10.116,10.132,10.104,10.156,18.004,55
505256,63157,sequential,1000,10.154076,10.12,0.4664079529795805,10.092,10.112,10.132,10.104,10.156,18.288,37
506424,63303,sequential,1000,10.161324,10.124,0.5421899085384391,10.088,10.116,10.132,10.104,10.1562,20.056,57
507600,63450,sequential,1000,10.169436,10.12,0.4919559070877374,10.088,10.112,10.132,10.104,10.1602,18.14,50
508768,63596,sequential,1000,10.151684,10.12,0.46561313526975995,10.088,10.112,10.128,10.104,10.148,18.096,44
509944,63743,sequential,1000,10.15768,10.12,0.532920735297577,10.088,10.112,10.132,10.104,10.152,20.116,30
511128,63891,sequential,1000,10.174236,10.12,0.9172537722935713,10.092,10.112,10.132,10.104,10.152199999999999,35.22,36
512312,64039,sequential,1000,10.155448,10.124,0.48515567741429894,10.088,10.112,10.132,10.104,10.152,18.38,34
513496,64187,sequential,1000,10.154584,10.124,0.46540594499601917,10.088,10.116,10.132,10.104,10.152,18.112,51
514680,64335,sequential,1000,10.161716,10.124,0.6105213638192194,10.084,10.112,10.132,10.104,10.152,23.8,35
515872,64484,sequential,1000,10.144928,10.12,0.42688170587038143,10.088,10.112,10.128,10.104,10.144,18.3,33
517064,64633,sequential,1000,10.154463999999999,10.12,0.4739081996396408,10.088,10.112,10.132,10.104,10.156,18.048,38
518264,64783,sequential,1000,10.152864,10.12,0.4528399955454085,10.088,10.112,10.132,10.104,10.152,18.104,30
519464,64933,sequential,1000,10.156844,10.124,0.5156839202162208,10.092,10.112,10.132,10.104,10.156,20.092,37
520664,65083,sequential,1000,10.15432,10.124,0.4710972449656379,10.092,10.116,10.132,10.104,10.156,18.196,57
521864,65233,sequential,1000,10.157756,10.12,0.539109476351039,10.092,10.112,10.132,10.104,10.152,20.02,36
523072,65384,sequential,1000,10.154072,10.12,0.5103067232241485,10.092,10.112,10.128,10.104,10.148,18.668,28
524288,65536,sequential,1000,10.151924,10.12,0.47355236887811053,10.088,10.112,10.128,10.104,10.152,18.292,42
525496,65687,sequential,1000,10.178108,10.124,0.7215605296397065,10.092,10.116,10.132,10.108,10.156,24.028,54
526712,65839,sequential,1000,10.160292,10.124,0.535339016510658,10.092,10.116,10.132,10.104,10.156,19.36,57
527928,65991,sequential,1000,10.155992,10.124,0.4848382452530535,10.088,10.116,10.132,10.104,10.156,18.396,52
529152,66144,sequential,1000,10.152172,10.12,0.4880876068165714,10.092,10.112,10.128,10.104,10.148,18.472,36
530376,66297,sequential,1000,10.149684,10.124,0.45150962901037794,10.088,10.116,10.132,10.104,10.156,18.792,53
531600,66450,sequential,1000,10.15202,10.12,0.4691073537148073,10.092,10.112,10.128,10.104,10.148,18.056,37
532832,66604,sequential,1000,10.154895999999999,10.12,0.5250723246659742,10.092,10.112,10.128,10.104,10.1482,19.128,44
534064,66758,sequential,1000,10.164928,10.12,0.604568687672554,10.088,10.112,10.128,10.104,10.152,20.288,49
535304,66913,sequential,1000,10.154952,10.12,0.4867400225433959,10.092,10.116,10.132,10.104,10.156,18.636,57
536536,67067,sequential,1000,10.155035999999999,10.124,0.47430848109562534,10.088,10.112,10.132,10.104,10.156,18.328,35
537784,67223,sequential,1000,10.157236,10.124,0.5030282116200697,10.092,10.116,10.132,10.104,10.152199999999999,18.604,50
539024,67378,sequential,1000,10.151864,10.12,0.46222242164467864,10.092,10.112,10.128,10.104,10.148,18.008,40
540272,67534,sequential,1000,10.154504,10.12,0.4782572989804003,10.088,10.112,10.132,10.104,10.156,17.996,38
541520,67690,sequential,1000,10.159356,10.12,0.5505350725704313,10.088,10.116,10.132,10.104,10.156,20.256,53
542776,67847,sequential,1000,10.16554,10.124,0.6662939832176725,10.092,10.116,10.132,10.104,10.156,25.396,51
544032,68004,sequential,1000,10.15654,10.12,0.5131406334619291,10.092,10.112,10.128,10.104,10.152,19.6,48
545288,68161,sequential,1000,10.15622,10.124,0.4893889548704069,10.092,10.116,10.132,10.104,10.152,18.236,44
546552,68319,sequential,1000,10.15674,10.124,0.49871507810485244,10.088,10.116,10.132,10.104,10.156,18.424,52
547816,68477,sequential,1000,10.155128,10.124,0.4753016718835474,10.092,10.116,10.132,10.104,10.156,17.952,51
549080,68635,sequential,1000,10.160884,10.124,0.5810118702206842,10.088,10.116,10.132,10.108,10.156,23.048,59
550352,68794,sequential,1000,10.151591999999999,10.12,0.4540788358040101,10.092,10.112,10.128,10.104,10.148,17.796,37
551624,68953,sequential,1000,10.224736,10.124,2.6400643427837207,10.092,10.116,10.132,10.104,10.152,92.736,49
552896,69112,sequential,1000,10.1532,10.12,0.49478523465078106,10.088,10.112,10.128,10.104,10.148,18.652,37
554176,69272,sequential,1000,10.150896,10.12,0.4661856950682703,10.088,10.112,10.128,10.104,10.144,18.284,33
555464,69433,sequential,1000,10.153739999999999,10.12,0.45933978429637184,10.092,10.116,10.132,10.104,10.156,17.764,54
556744,69593,sequential,1000,10.15338,10.12,0.45815761917052517,10.092,10.112,10.132,10.104,10.156,18.048,40
558032,69754,sequential,1000,10.158372,10.12,0.5134053746258357,10.088,10.112,10.128,10.104,10.152,18.752,46
559320,69915,sequential,1000,10.157156,10.124,0.5088267134185156,10.088,10.112,10.132,10.104,10.156,18.708,35
560616,70077,sequential,1000,10.164988,10.124,0.6514110347485619,10.088,10.116,10.132,10.104,10.152,23.74,50
561912,70239,sequential,1000,10.171236,10.124,0.6478782435940588,10.088,10.116,10.132,10.104,10.16,20.84,63
563216,70402,sequential,1000,10.153324,10.12,0.48330555892446264,10.092,10.112,10.128,10.104,10.152,18.112,44
564520,70565,sequential,1000,10.161736,10.12,0.515686236580538,10.088,10.112,10.132,10.104,10.156,19.424,41
565824,70728,sequential,1000,10.152648,10.12,0.4861449794423851,10.088,10.112,10.128,10.104,10.1442,18.52,39
567128,70891,sequential,1000,10.155372,10.124,0.4820043296380125,10.096,10.116,10.132,10.104,10.152,18.332,47
568440,71055,sequential,1000,10.15556,10.124,0.4735785331146536,10.092,10.116,10.132,10.104,10.156,18.148,58
569760,71220,sequential,1000,10.154016,10.12,0.51756636935826,10.092,10.112,10.128,10.104,10.148,19.484,35
571080,71385,sequential,1000,10.166536,10.122,0.5963540885270284,10.092,10.112,10.132,10.104,10.156,20.272,41
572400,71550,sequential,1000,10.160216,10.12,0.636126303510567,10.088,10.112,10.128,10.104,10.152,25.016,43
573720,71715,sequential,1000,10.16372,10.124,0.5517579527641069,10.092,10.116,10.132,10.104,10.152,18.916,49
575048,71881,sequential,1000,10.159812,10.12,0.5613999488408942,10.092,10.112,10.132,10.104,10.156,20.364,37
576376,72047,sequential,1000,10.164772,10.124,0.6363431532000833,10.092,10.116,10.132,10.104,10.152,23.98,48
577712,72214,sequential,1000,10.153528,10.12,0.49902949778109884,10.092,10.112,10.128,10.104,10.148,19.148,38
579048,72381,sequential,1000,10.153988,10.124,0.46326544305260536,10.092,10.116,10.132,10.104,10.152,18.236,45
580384,72548,sequential,1000,10.151212,10.12,0.46730304427768415,10.088,10.112,10.128,10.104,10.148,18.136,37
581728,72716,sequential,1000,10.158808,10.12,0.5586841281897053,10.096,10.112,10.128,10.104,10.148,19.816,33
583080,72885,sequential,1000,10.25018,10.124,0.8726635303696593,10.092,10.116,10.136,10.104,10.6482,26.82,109
584424,73053,sequential,1000,10.167,10.124,0.644918456718224,10.092,10.116,10.132,10.104,10.156,21.656,51
585776,73222,sequential,1000,10.166276,10.12,0.6772153929973185,10.092,10.112,10.128,10.104,10.148,22.184,38
587128,73391,sequential,1000,10.158464,10.124,0.529706112169068,10.088,10.112,10.132,10.104,10.152199999999999,19.824,37
588488,73561,sequential,1000,10.155876,10.12,0.5036672724580636,10.088,10.112,10.132,10.104,10.152,18.992,29
589848,73731,sequential,1000,10.158216,10.124,0.5358457800935303,10.084,10.112,10.132,10.104,10.152,19.72,31
591216,73902,sequential,1000,10.173216,10.12,0.588479094776517,10.088,10.112,10.132,10.104,10.156,20.72,43
592584,74073,sequential,1000,10.155656,10.12,0.49801165576045836,10.092,10.112,10.132,10.104,10.152199999999999,19.192,35
593952,74244,sequential,1000,10.150792,10.12,0.4645427565991194,10.088,10.112,10.128,10.104,10.144,18.304,34
595328,74416,sequential,1000,10.15316,10.12,0.4964411145142797,10.092,10.112,10.128,10.104,10.148,19.2,36
596704,74588,sequential,1000,10.151504,10.12,0.4697376197574721,10.088,10.112,10.128,10.104,10.148,18.144,34
598088,74761,sequential,1000,10.155052,10.12,0.49169999611773657,10.088,10.112,10.132,10.104,10.152,18.3,32
599472,74934,sequential,1000,10.169216,10.12,0.5953919489856383,10.088,10.112,10.128,10.104,10.156,19.3,54
600856,75107,sequential,1000,10.21194,10.124,1.9898222747484475,10.096,10.116,10.132,10.108,10.156,71.456,54
602248,75281,sequential,1000,10.155336,10.122,0.486283142210789,10.092,10.116,10.132,10.104,10.152,18.472,47
603640,75455,sequential,1000,10.17028,10.122,0.615785216640537,10.092,10.112,10.132,10.104,10.152199999999999,20.456,39
605032,75629,sequential,1000,10.16372,10.12,0.5580680402402001,10.092,10.112,10.132,10.104,10.152199999999999,19.628,33
606432,75804,sequential,1000,10.16922,10.12,0.5793422106121708,10.088,10.112,10.128,10.104,10.152,19.052,46
607840,75980,sequential,1000,10.158628,10.12,0.5223541590563662,10.092,10.112,10.128,10.104,10.148,17.948,34
609240,76155,sequential,1000,10.167816,10.124,0.603596798566095,10.092,10.112,10.132,10.104,10.156,19.72,40
610656,76332,sequential,1000,10.161996,10.12,0.5651378776942887,10.092,10.112,10.128,10.104,10.152,18.752,42
612064,76508,sequential,1000,10.160764,10.12,0.5461390923676973,10.088,10.112,10.128,10.104,10.1482,18.264,41
613480,76685,sequential,1000,10.16164,10.124,0.5093996136299737,10.092,10.116,10.132,10.104,10.156,17.988,57
614896,76862,sequential,1000,10.151264,10.12,0.45507653087470123,10.092,10.112,10.128,10.104,10.152,18.032,45
616320,77040,sequential,1000,10.15222,10.12,0.4784828538635857,10.096,10.112,10.128,10.104,10.148,18.94,36
617744,77218,sequential,1000,10.152788,10.12,0.46813086799052844,10.092,10.112,10.128,10.104,10.152,18.244,48
619176,77397,sequential,1000,10.15442,10.124,0.4573257333962593,10.092,10.116,10.132,10.104,10.152,17.972,47
620608,77576,sequential,1000,10.152784,10.12,0.5003671858392242,10.092,10.112,10.128,10.104,10.148,19.256,34
622048,77756,sequential,1000,10.261868,10.12,1.3889540092515,10.088,10.112,10.132,10.104,10.5368,33.996,93
623480,77935,sequential,1000,10.154648,10.124,0.464430537131033,10.092,10.116,10.132,10.108,10.152,18.208,45
624928,78116,sequential,1000,10.160892,10.12,0.5725394779312513,10.092,10.112,10.128,10.104,10.152,21.596,45
626368,78296,sequential,1000,10.15668,10.12,0.5487771040321471,10.092,10.112,10.128,10.104,10.148,19.384,34
627824,78478,sequential,1000,10.153652,10.12,0.4945300383746723,10.092,10.112,10.128,10.104,10.148,18.924,31
629272,78659,sequential,1000,10.156967999999999,10.124,0.5108763545375982,10.088,10.116,10.132,10.104,10.152,19.556,42
630728,78841,sequential,1000,10.15506,10.124,0.4678378058821376,10.088,10.116,10.132,10.104,10.152,18.156,50
632184,79023,sequential,1000,10.15704,10.124,0.5064897177971477,10.088,10.115,10.132,10.104,10.156,19.096,50
633648,79206,sequential,1000,10.166876,10.12,0.5998139189460022,10.088,10.112,10.132,10.104,10.152,19.908,35
635112,79389,sequential,1000,10.165324,10.124,0.6298839073676679,10.088,10.116,10.132,10.104,10.156,22.804,59
636584,79573,sequential,1000,10.15556,10.124,0.47163437256139573,10.092,10.116,10.132,10.108,10.152,18.256,49
638056,79757,sequential,1000,10.158716,10.124,0.5291353092730814,10.092,10.116,10.132,10.104,10.152,18.956,48
639536,79942,sequential,1000,10.163684,10.12,0.5113972421545537,10.092,10.112,10.128,10.104,10.156,18.556,54
641016,80127,sequential,1000,10.155376,10.124,0.4823505620279598,10.088,10.116,10.132,10.104,10.152,18.268,45
642496,80312,sequential,1000,10.151608,10.12,0.46194780019619763,10.096,10.112,10.128,10.104,10.148,18.244,31
643984,80498,sequential,1000,10.151824,10.12,0.470924277032623,10.088,10.112,10.128,10.104,10.152,18.044,47
645472,80684,sequential,1000,10.150724,10.12,0.4539868322626416,10.088,10.112,10.128,10.104,10.148,17.836,33
646960,80870,sequential,1000,10.165792,10.12,0.5819487237317846,10.092,10.112,10.128,10.104,10.152,19.704,39
648464,81058,sequential,1000,10.159652,10.12,0.6080936842500708,10.096,10.112,10.128,10.104,10.152,23.66,41
649960,81245,sequential,1000,10.154864,10.12,0.4823966086033276,10.088,10.112,10.132,10.104,10.152,18.588,34
651464,81433,sequential,1000,10.15456,10.124,0.46653740637975816,10.088,10.116,10.132,10.104,10.156,17.928,59
652968,81621,sequential,1000,10.155484,10.124,0.4808350820396949,10.092,10.112,10.132,10.104,10.156,18.464,37
654480,81810,sequential,1000,10.15466,10.12,0.5157947271934841,10.088,10.112,10.128,10.104,10.152199999999999,19.76,51
655992,81999,sequential,1000,10.162172,10.124,0.5140128438274861,10.092,10.116,10.132,10.104,10.156,18.076,52
657512,82189,sequential,1000,10.160748,10.124,0.5040178593051029,10.088,10.116,10.132,10.104,10.156,18.764,54
659032,82379,sequential,1000,10.155348,10.124,0.4731436989497544,10.088,10.116,10.132,10.104,10.152199999999999,18.912,51
660560,82570,sequential,1000,10.153528,10.12,0.493519258463613,10.092,10.112,10.128,10.104,10.148,19.496,41
662088,82761,sequential,1000,10.160976,10.124,0.5868251555507715,10.092,10.116,10.132,10.104,10.152,23.08,49
663616,82952,sequential,1000,10.152228,10.12,0.48243811473654374,10.092,10.112,10.128,10.104,10.148,18.512,31
665152,83144,sequential,1000,10.143496,10.12,0.3968446543216422,10.092,10.112,10.128,10.104,10.148,17.888,34
666688,83336,sequential,1000,10.172948,10.12,0.7800226256927376,10.088,10.112,10.128,10.104,10.144,23.44,28
668232,83529,sequential,1000,10.279296,10.124,1.3487849959683527,10.092,10.116,10.14,10.104,10.6244,34.032,109
669776,83722,sequential,1000,10.159964,10.12,0.5244641964876129,10.092,10.112,10.128,10.104,10.148,18.012,43
671328,83916,sequential,1000,10.15484,10.12,0.5290250295419697,10.092,10.112,10.128,10.104,10.148,19.532,36
672880,84110,sequential,1000,10.152292,10.12,0.47031149213647294,10.092,10.112,10.128,10.104,10.148,18.076,35
674440,84305,sequential,1000,10.159772,10.12,0.5694242847227646,10.092,10.116,10.132,10.104,10.156,22.128,52
676000,84500,sequential,1000,10.156944,10.124,0.5207776475831333,10.092,10.112,10.132,10.104,10.152,19.22,26
677560,84695,sequential,1000,10.157372,10.124,0.49630436189462973,10.092,10.116,10.132,10.104,10.16,18.548,69
679128,84891,sequential,1000,10.17282,10.124,0.6392863259968937,10.088,10.116,10.132,10.104,10.16,20.624,67
680696,85087,sequential,1000,10.157628,10.124,0.5192870349244632,10.092,10.116,10.132,10.104,10.152,19.124,44
682272,85284,sequential,1000,10.166672,10.12,0.6449523578993723,10.088,10.112,10.128,10.108,10.148,22.404,37
683856,85482,sequential,1000,10.151932,10.12,0.4690397783660674,10.088,10.112,10.128,10.104,10.148,18.0,38
685432,85679,sequential,1000,10.154028,10.124,0.458566019249148,10.088,10.116,10.132,10.104,10.156,18.084,56
687024,85878,sequential,1000,10.151616,10.12,0.47374896583172255,10.088,10.112,10.128,10.104,10.148,18.348,36
688608,86076,sequential,1000,10.158336,10.12,0.5926453607577027,10.088,10.112,10.128,10.104,10.148,23.444,38
690200,86275,sequential,1000,10.15478,10.124,0.4692698219209986,10.092,10.116,10.132,10.104,10.152199999999999,18.212,50
691800,86475,sequential,1000,10.155952,10.124,0.48887707093551286,10.092,10.116,10.132,10.104,10.152199999999999,18.64,50
693400,86675,sequential,1000,10.158788,10.124,0.5265853161180544,10.092,10.116,10.132,10.108,10.152199999999999,18.876,50
695000,86875,sequential,1000,10.158835999999999,10.124,0.5281777890832601,10.088,10.116,10.132,10.104,10.156,19.724,56
696608,87076,sequential,1000,10.152528,10.12,0.4898146502582458,10.092,10.112,10.128,10.104,10.148,18.712,33
698224,87278,sequential,1000,10.152424,10.12,0.46727961057428824,10.092,10.112,10.128,10.108,10.152,17.716,42
699840,87480,sequential,1000,10.151548,10.12,0.47269933822712334,10.092,10.112,10.128,10.104,10.148,18.016,31
701456,87682,sequential,1000,10.152552,10.12,0.47500391157548594,10.084,10.112,10.128,10.104,10.152,18.276,45
703080,87885,sequential,1000,10.160904,10.124,0.589071768405457,10.092,10.116,10.132,10.104,10.152199999999999,23.356,50
704704,88088,sequential,1000,10.152356,10.12,0.4917914884706039,10.092,10.112,10.128,10.104,10.144,18.82,35
706336,88292,sequential,1000,10.153052,10.12,0.4879269350937597,10.092,10.112,10.128,10.104,10.144,18.384,28
707968,88496,sequential,1000,10.15134,10.12,0.4705417111180495,10.088,10.112,10.128,10.104,10.148,17.992,37
709608,88701,sequential,1000,10.15572,10.12,0.500377484732504,10.088,10.116,10.132,10.104,10.152,19.796,47
711248,88906,sequential,1000,10.16698,10.12,0.7581755666003686,10.092,10.112,10.128,10.104,10.148,29.068,34
712896,89112,sequential,1000,10.151952,10.12,0.47883164205954215,10.092,10.112,10.128,10.104,10.144,18.36,29
714544,89318,sequential,1000,10.159272,10.12,0.5325555420999968,10.088,10.112,10.128,10.104,10.148,18.608,37
716192,89524,sequential,1000,10.153656,10.12,0.5108707925010302,10.092,10.112,10.128,10.104,10.148,19.104,34
717848,89731,sequential,1000,10.154764,10.124,0.47169154881259134,10.092,10.116,10.132,10.104,10.156,18.096,52
719512,89939,sequential,1000,10.160776,10.12,0.5560698404800349,10.088,10.116,10.132,10.104,10.156,20.36,53
721176,90147,sequential,1000,10.161696,10.124,0.5618018805032046,10.088,10.116,10.132,10.104,10.152,20.72,50
722848,90356,sequential,1000,10.158988,10.12,0.5313749176985673,10.092,10.112,10.128,10.104,10.148,18.04,36
724520,90565,sequential,1000,10.158252,10.12,0.543163727923111,10.092,10.112,10.132,10.104,10.152199999999999,20.004,29
726192,90774,sequential,1000,10.15388,10.12,0.4964181952997136,10.092,10.112,10.128,10.104,10.148,18.884,40
727872,90984,sequential,1000,10.150768,10.12,0.4665346383118243,10.092,10.112,10.128,10.104,10.148,18.548,29
729560,91195,sequential,1000,10.156528,10.124,0.4894967213947977,10.088,10.116,10.136,10.104,10.156,18.868,26
731240,91405,sequential,1000,10.159716,10.124,0.5612332475024107,10.092,10.116,10.132,10.104,10.152,21.928,49
732936,91617,sequential,1000,10.172407999999999,10.12,0.5562743160084336,10.092,10.112,10.132,10.104,10.164,20.464,53
734632,91829,sequential,1000,10.161456,10.124,0.526383570913576,10.092,10.112,10.132,10.104,10.152199999999999,18.548,35
736328,92041,sequential,1000,10.153344,10.12,0.4660827424254054,10.088,10.112,10.132,10.104,10.152,18.22,30
738032,92254,sequential,1000,10.1543,10.12,0.508113350717315,10.088,10.112,10.128,10.104,10.148,18.908,43
739744,92468,sequential,1000,10.153523999999999,10.12,0.5099109634187273,10.088,10.112,10.128,10.104,10.144,18.48,28
741448,92681,sequential,1000,10.154959999999999,10.12,0.4991257766745181,10.088,10.116,10.132,10.104,10.1482,18.964,40
743168,92896,sequential,1000,10.15218,10.12,0.4675965848529757,10.088,10.112,10.128,10.104,10.148,18.272,40
744888,93111,sequential,1000,10.154036,10.124,0.47225699928892256,10.088,10.112,10.132,10.104,10.152,17.92,26
746608,93326,sequential,1000,10.15106,10.12,0.4516968834013298,10.092,10.112,10.128,10.104,10.152,18.024,35
748336,93542,sequential,1000,10.15378,10.12,0.5055249816844931,10.088,10.112,10.128,10.104,10.148,19.436,38
750064,93758,sequential,1000,10.153064,10.12,0.4824420236776749,10.088,10.112,10.128,10.104,10.152,18.436,48
751800,93975,sequential,1000,10.1539,10.124,0.4573218180288857,10.092,10.116,10.132,10.104,10.152,18.584,47
753544,94193,sequential,1000,10.153912,10.12,0.46984853506412244,10.092,10.112,10.132,10.104,10.152,18.288,34
755288,94411,sequential,1000,10.15616,10.122,0.5035317970800559,10.088,10.116,10.132,10.104,10.152,18.648,47
757032,94629,sequential,1000,10.159991999999999,10.12,0.4978279789572224,10.092,10.116,10.132,10.104,10.16,20.072,56
758784,94848,sequential,1000,10.16038,10.12,0.5370830045288659,10.092,10.112,10.128,10.104,10.148,18.504,33
760536,95067,sequential,1000,10.157732,10.124,0.4978222767164957,10.092,10.116,10.136,10.104,10.16,19.556,37
762296,95287,sequential,1000,10.155796,10.124,0.4777469377405998,10.092,10.116,10.132,10.104,10.152199999999999,18.368,50
764064,95508,sequential,1000,10.154048,10.12,0.510581114780767,10.092,10.112,10.128,10.104,10.148,19.996,38
765824,95728,sequential,1000,10.150112,10.12,0.44751255506738913,10.088,10.112,10.128,10.104,10.148,17.86,31
767600,95950,sequential,1000,10.153383999999999,10.12,0.4986083421111432,10.088,10.112,10.128,10.104,10.152,18.896,44
769376,96172,sequential,1000,10.158348,10.12,0.5192688234498649,10.088,10.112,10.128,10.104,10.1482,20.436,45
771152,96394,sequential,1000,10.163452,10.12,0.5809298849493175,10.088,10.112,10.128,10.104,10.152,18.904,46
772936,96617,sequential,1000,10.156852,10.12,0.5186385446879513,10.092,10.112,10.132,10.104,10.152,19.008,31
774728,96841,sequential,1000,10.159104,10.12,0.5735816743246955,10.088,10.112,10.132,10.104,10.156,22.968,36
776520,97065,sequential,1000,10.154088,10.12,0.47549995211404644,10.088,10.112,10.132,10.104,10.152,18.32,28
778312,97289,sequential,1000,10.154539999999999,10.12,0.47763444082170115,10.096,10.116,10.132,10.104,10.152,19.248,45
780112,97514,sequential,1000,10.219683999999999,10.12,1.0945051711681009,10.088,10.112,10.132,10.104,10.184199999999999,34.784,73
781920,97740,sequential,1000,10.17914,10.12,0.7096941300011986,10.092,10.112,10.128,10.104,10.152199999999999,23.956,50
783728,97966,sequential,1000,10.15328,10.12,0.47848629524233477,10.092,10.112,10.132,10.104,10.152,18.532,33
785544,98193,sequential,1000,10.160248,10.12,0.5306760853888214,10.092,10.116,10.132,10.104,10.156,18.948,55
787360,98420,sequential,1000,10.154168,10.12,0.5078959362488127,10.088,10.112,10.128,10.104,10.148,18.58,38
789176,98647,sequential,1000,10.163931999999999,10.124,0.6317833501902196,10.088,10.112,10.132,10.104,10.156,24.428,35
791008,98876,sequential,1000,10.15384,10.12,0.5056972296622635,10.092,10.112,10.128,10.104,10.148,18.872,31
792832,99104,sequential,1000,10.154948,10.12,0.5180191397285675,10.088,10.112,10.128,10.104,10.148,19.268,38
794672,99334,sequential,1000,10.151384,10.12,0.44783484521929806,10.088,10.112,10.132,10.104,10.152,17.908,32
796504,99563,sequential,1000,10.157136,10.124,0.49893791251471814,10.088,10.116,10.132,10.104,10.156,19.24,52
798352,99794,sequential,1000,10.154708,10.12,0.520979791046331,10.088,10.112,10.128,10.104,10.1482,19.184,39
800192,100024,sequential,1000,10.228628,10.12,0.5768060252864968,10.092,10.116,10.132,10.104,10.616,18.876,114
802048,100256,sequential,1000,10.1724,10.12,0.7585808994306282,10.092,10.112,10.128,10.104,10.1482,23.632,42
803904,100488,sequential,1000,10.159324,10.12,0.5946297466151181,10.092,10.112,10.128,10.104,10.148,20.992,40
805760,100720,sequential,1000,10.160672,10.12,0.5540933421796799,10.092,10.112,10.128,10.104,10.148,18.912,30
807624,100953,sequential,1000,10.153891999999999,10.12,0.46689084741446735,10.088,10.116,10.132,10.104,10.156,18.628,54
809496,101187,sequential,1000,10.154755999999999,10.124,0.47268399022879826,10.088,10.116,10.132,10.104,10.152,18.16,41
811368,101421,sequential,1000,10.159432,10.124,0.5437126638554934,10.088,10.116,10.132,10.104,10.152,19.944,42
813240,101655,sequential,1000,10.187584,10.124,0.6555814869488232,10.092,10.116,10.136,10.108,10.172,22.648,54
815128,101891,sequential,1000,10.156316,10.124,0.48150412913117413,10.092,10.116,10.132,10.104,10.156,18.404,58
817008,102126,sequential,1000,10.15308,10.12,0.48406042194347193,10.092,10.112,10.128,10.104,10.152,19.164,44
818896,102362,sequential,1000,10.161292,10.12,0.6326162233313513,10.088,10.112,10.128,10.104,10.148,23.828,36
820792,102599,sequential,1000,10.162212,10.124,0.48445723636856725,10.092,10.116,10.132,10.104,10.156,18.444,54
822696,102837,sequential,1000,10.162851999999999,10.124,0.5484866595567406,10.096,10.116,10.132,10.104,10.156,20.008,64
824592,103074,sequential,1000,10.152088,10.12,0.46536342289803073,10.088,10.112,10.128,10.104,10.152,17.892,40
826504,103313,sequential,1000,10.153688,10.12,0.46147085932917803,10.092,10.116,10.132,10.104,10.152199999999999,18.012,50
828416,103552,sequential,1000,10.1832,10.12,1.2858814327375052,10.088,10.116,10.128,10.104,10.144,48.792,64
830328,103791,sequential,1000,10.156395999999999,10.124,0.5015886385738281,10.092,10.112,10.132,10.104,10.152,18.84,30
832248,104031,sequential,1000,10.157708,10.124,0.513110168268746,10.092,10.116,10.132,10.108,10.152,18.44,47
834176,104272,sequential,1000,10.156072,10.12,0.5428077625486606,10.092,10.112,10.128,10.104,10.144,20.208,32
836104,104513,sequential,1000,10.163056,10.124,0.57969300914264,10.088,10.116,10.132,10.104,10.152199999999999,20.66,51
838040,104755,sequential,1000,10.15358,10.12,0.46233737838449906,10.088,10.112,10.132,10.104,10.152,18.072,32
839976,104997,sequential,1000,10.154284,10.124,0.4636944380471647,10.088,10.116,10.132,10.104,10.152,18.292,49
841920,105240,sequential,1000,10.153376,10.12,0.5019236136484694,10.092,10.112,10.128,10.104,10.148,19.284,32
843872,105484,sequential,1000,10.152432,10.12,0.47540322001181023,10.092,10.112,10.128,10.104,10.148,18.184,41
845824,105728,sequential,1000,10.153932,10.12,0.5047642442946195,10.088,10.112,10.128,10.104,10.1442,19.672,33
847776,105972,sequential,1000,10.220916,10.12,1.1100730278099145,10.088,10.112,10.128,10.104,10.2244,34.464,80
849736,106217,sequential,1000,10.169296,10.124,0.49159067299306414,10.088,10.116,10.132,10.104,10.1642,18.272,66
851704,106463,sequential,1000,10.178844,10.124,0.6252612376273451,10.088,10.116,10.132,10.108,10.16,22.52,61
853672,106709,sequential,1000,10.160292,10.124,0.5567727063915603,10.088,10.116,10.132,10.104,10.156,19.912,53
855648,106956,sequential,1000,10.156296,10.12,0.5519614169394359,10.092,10.112,10.128,10.104,10.148,21.272,31
857632,107204,sequential,1000,10.152416,10.12,0.49546988339287523,10.088,10.112,10.128,10.104,10.148,18.876,40
859616,107452,sequential,1000,10.196944,10.12,1.3109318041221896,10.092,10.112,10.128,10.104,10.152,48.412,46
861600,107700,sequential,1000,10.158628,10.12,0.5370320596100843,10.088,10.112,10.128,10.104,10.148,19.64,36
863592,107949,sequential,1000,10.146416,10.124,0.39414422819142825,10.088,10.112,10.132,10.108,10.152,17.376,29
865592,108199,sequential,1000,10.197388,10.124,0.7169417486288039,10.088,10.116,10.136,10.104,10.261,27.476,84
867592,108449,sequential,1000,10.158384,10.124,0.5364907854818263,10.088,10.116,10.132,10.104,10.156,20.708,56
869600,108700,sequential,1000,10.158112,10.12,0.5626349736459417,10.088,10.112,10.128,10.104,10.148,21.116,36
871616,108952,sequential,1000,10.157284,10.12,0.5553168970958836,10.092,10.112,10.128,10.104,10.148,21.552,34
873632,109204,sequential,1000,10.172088,10.12,0.5825639166417476,10.092,10.112,10.128,10.104,10.156,21.264,62
875648,109456,sequential,1000,10.15246,10.12,0.48126646029596315,10.092,10.112,10.128,10.104,10.148,18.392,33
877672,109709,sequential,1000,10.161216,10.124,0.5111215497145298,10.088,10.116,10.132,10.104,10.152199999999999,18.112,51
879704,109963,sequential,1000,10.16178,10.124,0.5247297789728927,10.092,10.116,10.132,10.104,10.152,18.36,49
881744,110218,sequential,1000,10.168288,10.12,0.6496847661376641,10.092,10.112,10.128,10.104,10.152,21.168,44
883776,110472,sequential,1000,10.15216,10.12,0.47276117176173166,10.096,10.112,10.128,10.104,10.148,18.12,36
885824,110728,sequential,1000,10.151424,10.12,0.4686802934212634,10.088,10.112,10.128,10.104,10.148,18.376,30
887872,110984,sequential,1000,10.166888,10.12,0.6037936619758792,10.092,10.112,10.128,10.104,10.152,20.324,45
889928,111241,sequential,1000,10.161752,10.124,0.5236915574489848,10.088,10.112,10.132,10.104,10.156,18.232,34
891984,111498,sequential,1000,10.158908,10.12,0.5188324224820753,10.088,10.112,10.132,10.104,10.156,20.32,32
894048,111756,sequential,1000,10.151451999999999,10.12,0.47123336106071334,10.092,10.112,10.128,10.104,10.148,18.46,37
896120,112015,sequential,1000,10.154824,10.124,0.46512874967881507,10.092,10.116,10.132,10.104,10.156,17.956,51
898192,112274,sequential,1000,10.167996,10.12,0.6461785470740256,10.092,10.112,10.132,10.104,10.152,24.028,33
900264,112533,sequential,1000,10.177976,10.124,0.845180687082838,10.092,10.116,10.132,10.104,10.152,31.748,49
902352,112794,sequential,1000,10.161631999999999,10.12,0.6836477739705257,10.092,10.112,10.128,10.104,10.152,24.204,46
904440,113055,sequential,1000,10.155396,10.12,0.48290207454265266,10.092,10.116,10.132,10.104,10.156,18.376,57
906528,113316,sequential,1000,10.17804,10.12,0.5886820406169573,10.092,10.112,10.128,10.104,10.164,22.456,53
908624,113578,sequential,1000,10.155776,10.12,0.5260336921426889,10.092,10.112,10.128,10.104,10.148,20.016,36
910728,113841,sequential,1000,10.157928,10.124,0.5171988567983049,10.092,10.115,10.132,10.104,10.152,19.664,42
912832,114104,sequential,1000,10.152288,10.12,0.48124241637590437,10.092,10.112,10.128,10.104,10.148,18.484,33
914944,114368,sequential,1000,10.173508,10.12,0.7590056280947325,10.092,10.112,10.128,10.104,10.144,27.992,31
917064,114633,sequential,1000,10.154476,10.124,0.46648912691458255,10.088,10.116,10.132,10.104,10.156,18.136,59
919184,114898,sequential,1000,10.203464,10.12,0.7888055215671699,10.092,10.112,10.132,10.104,10.184,26.788,68
921312,115164,sequential,1000,10.15878,10.12,0.5722203034458632,10.092,10.112,10.128,10.104,10.148,20.404,29
923440,115430,sequential,1000,10.15258,10.12,0.4743996950575229,10.092,10.112,10.128,10.104,10.152,18.284,36
925576,115697,sequential,1000,10.160936,10.124,0.5893734070323473,10.092,10.116,10.132,10.104,10.152,23.076,46
927720,115965,sequential,1000,10.16126,10.124,0.5116702481509383,10.092,10.116,10.132,10.104,10.16,20.804,65
929864,116233,sequential,1000,10.240028,10.124,0.980263591042697,10.088,10.116,10.136,10.104,10.414399999999999,27.14,91
932016,116502,sequential,1000,10.157688,10.12,0.5783975504636776,10.088,10.112,10.128,10.104,10.152,22.276,42
934168,116771,sequential,1000,10.155683999999999,10.12,0.4969743531125642,10.088,10.112,10.132,10.104,10.152,19.136,28
936336,117042,sequential,1000,10.15452,10.12,0.5140413369526774,10.088,10.112,10.128,10.104,10.148,19.036,45
938496,117312,sequential,1000,10.151515999999999,10.12,0.4591662262921428,10.092,10.112,10.128,10.104,10.148,18.124,36
940672,117584,sequential,1000,10.158616,10.12,0.5545098860775683,10.092,10.116,10.128,10.104,10.144,20.652,56
942848,117856,sequential,1000,10.163708,10.12,0.5602244319468317,10.092,10.112,10.128,10.104,10.148,19.76,41
945024,118128,sequential,1000,10.151596,10.12,0.461100755465322,10.092,10.112,10.128,10.104,10.148,18.144,34
947216,118402,sequential,1000,10.152388,10.12,0.48387769020184745,10.088,10.112,10.128,10.104,10.148,18.22,27
949400,118675,sequential,1000,10.158168,10.12,0.5457647908971254,10.088,10.115,10.132,10.104,10.152,21.004,35
951600,118950,sequential,1000,10.151104,10.12,0.466674900382104,10.088,10.112,10.128,10.104,10.148,18.1,37
953800,119225,sequential,1000,10.153716,10.124,0.4619367498964603,10.092,10.116,10.132,10.104,10.156,18.612,52
956008,119501,sequential,1000,10.155,10.12,0.4787311139663678,10.092,10.116,10.132,10.108,10.156,18.948,53
958216,119777,sequential,1000,10.155056,10.124,0.47739087854180345,10.092,10.115,10.132,10.104,10.152199999999999,18.312,38
960432,120054,sequential,1000,10.162984,10.12,0.644086297713981,10.092,10.112,10.128,10.104,10.152,23.164,49
962656,120332,sequential,1000,10.160376,10.12,0.5478838739763778,10.092,10.112,10.128,10.104,10.148,19.132,37
964880,120610,sequential,1000,10.159008,10.12,0.5947228793641953,10.088,10.112,10.128,10.104,10.152,23.496,43
967112,120889,sequential,1000,10.154352,10.124,0.46133538606358215,10.092,10.116,10.132,10.104,10.152199999999999,18.18,50
969352,121169,sequential,1000,10.15432,10.124,0.46148702676876613,10.088,10.116,10.132,10.104,10.156,18.284,54
971592,121449,sequential,1000,10.166776,10.124,0.5159348045504843,10.092,10.116,10.136,10.104,10.16,19.368,43
973840,121730,sequential,1000,10.15724,10.12,0.5603370628684347,10.092,10.112,10.128,10.104,10.148,21.016,36
976096,122012,sequential,1000,10.152836,10.12,0.47289508653280266,10.092,10.112,10.128,10.104,10.156,18.416,55
978352,122294,sequential,1000,10.152552,10.12,0.4677246344053621,10.088,10.112,10.132,10.104,10.1482,18.388,26
980616,122577,sequential,1000,10.161676,10.124,0.5087290322482609,10.092,10.116,10.132,10.104,10.156,19.444,52
982880,122860,sequential,1000,10.169204,10.12,0.4890329637392796,10.092,10.112,10.128,10.104,10.152,17.836,49
985160,123145,sequential,1000,10.155076,10.12,0.47412851429973296,10.096,10.116,10.132,10.104,10.152,18.372,49
987440,123430,sequential,1000,10.154844,10.12,0.5069778320461223,10.092,10.112,10.128,10.104,10.152,18.76,46
989720,123715,sequential,1000,10.15986,10.124,0.5330266952581811,10.088,10.116,10.136,10.107800000000001,10.156,18.86,24
992008,124001,sequential,1000,10.156496,10.124,0.48738349649599,10.092,10.112,10.136,10.104,10.16,18.44,25
994304,124288,sequential,1000,10.15154,10.12,0.4638382544878401,10.088,10.112,10.128,10.104,10.148,17.96,35
996608,124576,sequential,1000,10.14442,10.12,0.4053390226999164,10.092,10.112,10.128,10.104,10.148,18.096,35
998912,124864,sequential,1000,10.161576,10.12,0.641359851162109,10.088,10.112,10.128,10.104,10.148,23.716,30
1001224,125153,sequential,1000,10.154264,10.124,0.4657972105383901,10.092,10.116,10.132,10.104,10.152199999999999,17.928,50
1003536,125442,sequential,1000,10.15058,10.12,0.4424557002081075,10.092,10.112,10.128,10.104,10.148,17.332,39
1005856,125732,sequential,1000,10.151564,10.12,0.47249198361303285,10.092,10.112,10.128,10.104,10.152,18.08,38
1008184,126023,sequential,1000,10.155884,10.124,0.4903181318434129,10.092,10.116,10.132,10.107800000000001,10.156,19.696,51
1010520,126315,sequential,1000,10.161084,10.124,0.49082145291607077,10.088,10.116,10.132,10.104,10.156,19.108,62
1012856,126607,sequential,1000,10.158772,10.124,0.48269680776262053,10.088,10.112,10.132,10.104,10.156,18.608,39
1015200,126900,sequential,1000,10.153388,10.12,0.49956724561252897,10.088,10.112,10.128,10.104,10.148,19.06,33
1017544,127193,sequential,1000,10.182328,10.124,0.6329567557666721,10.088,10.112,10.132,10.104,10.16,21.336,44
1019896,127487,sequential,1000,10.15296,10.124,0.44033035919094343,10.092,10.116,10.132,10.104,10.156,17.88,53
1022256,127782,sequential,1000,10.160423999999999,10.12,0.5248183748217573,10.092,10.112,10.132,10.104,10.152199999999999,18.224,36
1024624,128078,sequential,1000,10.154872,10.12,0.4638824965296563,10.088,10.112,10.128,10.104,10.152,17.828,46
1026992,128374,sequential,1000,10.171084,10.12,0.6603753664156231,10.092,10.112,10.132,10.104,10.152,20.844,32
1029368,128671,sequential,1000,10.148664,10.124,0.4385353809949482,10.092,10.112,10.132,10.104,10.152,18.568,31
1031752,128969,sequential,1000,10.155688,10.124,0.4744654213871566,10.092,10.116,10.132,10.104,10.156,17.796,62
1034136,129267,sequential,1000,10.164264,10.12,0.6528916278999003,10.092,10.112,10.132,10.104,10.156,25.288,41
1036528,129566,sequential,1000,10.15248,10.12,0.47816475312504075,10.088,10.112,10.128,10.104,10.1482,18.5,37
1038928,129866,sequential,1000,10.151188,10.12,0.46003294987530075,10.088,10.112,10.128,10.104,10.148,18.016,38
1041328,130166,sequential,1000,10.23232,10.12,1.2817768672969323,10.088,10.112,10.132,10.104,10.164,34.564,52
1043736,130467,sequential,1000,10.183108,10.124,0.630317412401384,10.092,10.116,10.136,10.104,10.16,20.604,42
1046152,130769,sequential,1000,10.157684,10.124,0.5230043304540353,10.088,10.112,10.132,10.104,10.152,19.284,23
1048576,131072,sequential,1000,10.175936,10.12,0.5978510699211015,10.092,10.112,10.128,10.104,10.1562,23.188,55
